tree_type,scenario_family,scenario_family_detailed,canonical_scenario,is_ordered_prehashed,is_prehashed_ordered,is_insert_only,is_proof_only,is_exclusion_proof_only,is_postbuild_add,is_postbuild_add_new,is_reinsert_existing,proof_sample_pct,sample_pct,prebuild_elements,final_elements,insert_elements,prebuild_scale,measured_insert_scale,final_scale,scale_size,scale_label,raw_scenarios,run_ids,run_count,coverage_note,schema_variants,missing_optional_columns,source_files,insert_total_ns,insert_total_ns_p10,insert_total_ns_p90,insert_avg_ns,insert_avg_ns_p10,insert_avg_ns_p90,insert_mem_alloc_mb,insert_mem_alloc_mb_p10,insert_mem_alloc_mb_p90,insert_total_alloc_mb,insert_total_alloc_mb_p10,insert_total_alloc_mb_p90,insert_heap_objects,insert_heap_objects_p10,insert_heap_objects_p90,created_heap_objects,created_heap_objects_p10,created_heap_objects_p90,freed_heap_objects,freed_heap_objects_p10,freed_heap_objects_p90,net_live_heap_object_change,net_live_heap_object_change_p10,net_live_heap_object_change_p90,inclusion_proof_total_ns,inclusion_proof_total_ns_p10,inclusion_proof_total_ns_p90,inclusion_proof_gen_avg_ns,inclusion_proof_gen_avg_ns_p10,inclusion_proof_gen_avg_ns_p90,inclusion_proof_size_bytes,inclusion_proof_size_bytes_p10,inclusion_proof_size_bytes_p90,inclusion_proof_verify_avg_ns,inclusion_proof_verify_avg_ns_p10,inclusion_proof_verify_avg_ns_p90,exclusion_proof_total_ns,exclusion_proof_total_ns_p10,exclusion_proof_total_ns_p90,exclusion_proof_gen_avg_ns,exclusion_proof_gen_avg_ns_p10,exclusion_proof_gen_avg_ns_p90,exclusion_proof_size_bytes,exclusion_proof_size_bytes_p10,exclusion_proof_size_bytes_p90,exclusion_proof_verify_avg_ns,exclusion_proof_verify_avg_ns_p10,exclusion_proof_verify_avg_ns_p90,delete_total_ns,delete_total_ns_p10,delete_total_ns_p90,delete_avg_ns,delete_avg_ns_p10,delete_avg_ns_p90,delete_mem_alloc_mb,delete_mem_alloc_mb_p10,delete_mem_alloc_mb_p90,delete_total_alloc_mb,delete_total_alloc_mb_p10,delete_total_alloc_mb_p90,delete_heap_objects,delete_heap_objects_p10,delete_heap_objects_p90,deletes_created_heap_objects,deletes_created_heap_objects_p10,deletes_created_heap_objects_p90,deletes_freed_heap_objects,deletes_freed_heap_objects_p10,deletes_freed_heap_objects_p90,deletes_net_live_heap_object_change,deletes_net_live_heap_object_change_p10,deletes_net_live_heap_object_change_p90
avlhashtree,build_then_add_new,build_then_add_new,build_10k_then_add_2k_new,False,False,False,False,False,True,True,False,,,10000,12000,2000,10000,2000,12000,10000,10K,build_10k_then_add_2k_new,total_ref_5_avl,10,multiple_rows_within_run,current,,total_ref_5_avl.csv,4359686,4201555,4557436,2179,2100,2278,0.59,0.59,0.59,0.59,0.59,0.59,65730,65719,65743,16041,16036,16041,1001,1001,1001,15040,15035,15040,0,0,0,0,0,0,0,0,0,0,0,0,0,0,0,0,0,0,0,0,0,0,0,0,0,0,0,0,0,0,0.0,0.0,0.0,0.0,0.0,0.0,0,0,0,0,0,0,0,0,0,0,0,0
avlhashtree,build_then_reinsert_existing,build_then_reinsert_existing,build_10k_then_reinsert_2k_existing,False,False,False,False,False,False,False,True,,,10000,10000,2000,10000,2000,10000,10000,10K,build_10k_then_reinsert_2k_existing,total_ref_5_avl,10,multiple_rows_within_run,current,,total_ref_5_avl.csv,3271446,3196656,3414313,1635,1598,1707,0.29,0.29,0.29,0.29,0.29,0.29,61803,61780,61813,12041,12039,12041,1001,1001,1001,11040,11038,11040,0,0,0,0,0,0,0,0,0,0,0,0,0,0,0,0,0,0,0,0,0,0,0,0,0,0,0,0,0,0,0.0,0.0,0.0,0.0,0.0,0.0,0,0,0,0,0,0,0,0,0,0,0,0
avlhashtree,exclusion_proof_only_after_build,exclusion_proof_only_after_build,exclusion_proof_only_after_10k_build_sample_5pct,False,False,False,True,True,False,False,False,5.0,5.0,10000,10000,0,10000,0,10000,10000,10K,exclusion_proof_only_after_10k_build_sample_5pct,total_ref_7_exclusion_only_avl,10,multiple_rows_within_run,current,,total_ref_7_exclusion_only_avl.csv,0,0,0,0,0,0,0.0,0.0,0.0,0.0,0.0,0.0,0,0,0,0,0,0,0,0,0,0,0,0,0,0,0,0,0,0,0,0,0,0,0,0,333544,257843,651208,666,515,1302,1672,1672,1672,4533,4167,5040,0,0,0,0,0,0,0.0,0.0,0.0,0.0,0.0,0.0,0,0,0,0,0,0,0,0,0,0,0,0
avlhashtree,insert_only_build,insert_only_build,insert_only_build_10k,False,False,True,False,False,False,False,False,,,0,10000,10000,0,10000,10000,10000,10K,insert_only_build_10k,total_ref_5_avl,10,multiple_rows_within_run,current,,total_ref_5_avl.csv,22721292,20133593,22844525,2272,2012,2284,2.44,2.43,2.44,2.93,2.92,2.93,56239,56203,56372,80060,80052,80066,24306,24174,24341,55758,55708,55886,0,0,0,0,0,0,0,0,0,0,0,0,0,0,0,0,0,0,0,0,0,0,0,0,0,0,0,0,0,0,0.0,0.0,0.0,0.0,0.0,0.0,0,0,0,0,0,0,0,0,0,0,0,0
avlhashtree,insert_only_build,prehashed_ordered_insert_only,prehashed_ordered_insert_only_10k,True,True,True,False,False,False,False,False,,,0,10000,10000,0,10000,10000,10000,10K,prehashed_ordered_insert_only_10k,total_ref_5_avl,10,multiple_rows_within_run,current,,total_ref_5_avl.csv,19527532,18813478,19742745,1952,1881,1974,1.97,1.969,1.97,2.91,2.91,2.91,62962,62940,63027,80049,80046,80052,27708,27649,27727,52345,52322,52399,0,0,0,0,0,0,0,0,0,0,0,0,0,0,0,0,0,0,0,0,0,0,0,0,0,0,0,0,0,0,0.0,0.0,0.0,0.0,0.0,0.0,0,0,0,0,0,0,0,0,0,0,0,0
avlhashtree,proof_only_after_build,proof_only_after_build,proof_only_after_10k_build_sample_5pct,False,False,False,True,False,False,False,False,5.0,5.0,10000,10000,0,10000,0,10000,10000,10K,proof_only_after_10k_build_sample_5pct,total_ref_5_avl,10,multiple_rows_within_run,current,,total_ref_5_avl.csv,0,0,0,0,0,0,0.0,0.0,0.0,0.0,0.0,0.0,0,0,0,0,0,0,0,0,0,0,0,0,264538,209377,317189,528,419,634,1578,1573,1589,3971,3466,4634,0,0,0,0,0,0,0,0,0,0,0,0,0,0,0,0,0,0,0.0,0.0,0.0,0.0,0.0,0.0,0,0,0,0,0,0,0,0,0,0,0,0
avlhashtree,build_then_add_new,build_then_add_new,build_50k_then_add_10k_new,False,False,False,False,False,True,True,False,,,50000,60000,10000,50000,10000,60000,50000,50K,build_50k_then_add_10k_new,total_ref_5_avl,10,multiple_rows_within_run,current,,total_ref_5_avl.csv,25751385,25451185,26301540,2574,2545,2630,2.91,2.91,2.91,2.91,2.91,2.91,325740,325729,325756,80039,80039,80041,5001,5001,5001,75038,75038,75040,0,0,0,0,0,0,0,0,0,0,0,0,0,0,0,0,0,0,0,0,0,0,0,0,0,0,0,0,0,0,0.0,0.0,0.0,0.0,0.0,0.0,0,0,0,0,0,0,0,0,0,0,0,0
avlhashtree,build_then_reinsert_existing,build_then_reinsert_existing,build_50k_then_reinsert_10k_existing,False,False,False,False,False,False,False,True,,,50000,50000,10000,50000,10000,50000,50000,50K,build_50k_then_reinsert_10k_existing,total_ref_5_avl,10,multiple_rows_within_run,current,,total_ref_5_avl.csv,19754149,19465423,20233716,1974,1946,2023,1.39,1.39,1.39,1.39,1.39,1.39,305812,305792,305826,60039,60038,60041,5001,5001,5001,55038,55037,55040,0,0,0,0,0,0,0,0,0,0,0,0,0,0,0,0,0,0,0,0,0,0,0,0,0,0,0,0,0,0,0.0,0.0,0.0,0.0,0.0,0.0,0,0,0,0,0,0,0,0,0,0,0,0
avlhashtree,exclusion_proof_only_after_build,exclusion_proof_only_after_build,exclusion_proof_only_after_50k_build_sample_5pct,False,False,False,True,True,False,False,False,5.0,5.0,50000,50000,0,50000,0,50000,50000,50K,exclusion_proof_only_after_50k_build_sample_5pct,total_ref_7_exclusion_only_avl,10,multiple_rows_within_run,current,,total_ref_7_exclusion_only_avl.csv,0,0,0,0,0,0,0.0,0.0,0.0,0.0,0.0,0.0,0,0,0,0,0,0,0,0,0,0,0,0,0,0,0,0,0,0,0,0,0,0,0,0,1757782,1610272,2077102,702,644,830,1952,1952,1952,4908,4698,5157,0,0,0,0,0,0,0.0,0.0,0.0,0.0,0.0,0.0,0,0,0,0,0,0,0,0,0,0,0,0
avlhashtree,insert_only_build,insert_only_build,insert_only_build_50k,False,False,True,False,False,False,False,False,,,0,50000,50000,0,50000,50000,50000,50K,insert_only_build_50k,total_ref_5_avl,10,multiple_rows_within_run,current,,total_ref_5_avl.csv,124725310,116454606,127057196,2494,2329,2540,12.22,12.199,12.231,14.56,14.559000000000001,14.561,280887,280054,281334,400095,400090,400100,119701,119246,120527,280395,279553,280846,0,0,0,0,0,0,0,0,0,0,0,0,0,0,0,0,0,0,0,0,0,0,0,0,0,0,0,0,0,0,0.0,0.0,0.0,0.0,0.0,0.0,0,0,0,0,0,0,0,0,0,0,0,0
avlhashtree,insert_only_build,prehashed_ordered_insert_only,prehashed_ordered_insert_only_50k,True,True,True,False,False,False,False,False,,,0,50000,50000,0,50000,50000,50000,50K,prehashed_ordered_insert_only_50k,total_ref_5_avl,10,multiple_rows_within_run,current,,total_ref_5_avl.csv,111254466,107662834,112054688,2224,2153,2240,11.844999999999999,11.481,11.87,14.53,14.52,14.53,266566,264149,267520,400052,400048,400060,134059,133091,141477,265995,258583,266958,0,0,0,0,0,0,0,0,0,0,0,0,0,0,0,0,0,0,0,0,0,0,0,0,0,0,0,0,0,0,0.0,0.0,0.0,0.0,0.0,0.0,0,0,0,0,0,0,0,0,0,0,0,0
avlhashtree,proof_only_after_build,proof_only_after_build,proof_only_after_50k_build_sample_5pct,False,False,False,True,False,False,False,False,5.0,5.0,50000,50000,0,50000,0,50000,50000,50K,proof_only_after_50k_build_sample_5pct,total_ref_5_avl,10,multiple_rows_within_run,current,,total_ref_5_avl.csv,0,0,0,0,0,0,0.0,0.0,0.0,0.0,0.0,0.0,0,0,0,0,0,0,0,0,0,0,0,0,1366300,1265334,1488472,546,506,595,1855,1855,1859,4123,4076,4210,0,0,0,0,0,0,0,0,0,0,0,0,0,0,0,0,0,0,0.0,0.0,0.0,0.0,0.0,0.0,0,0,0,0,0,0,0,0,0,0,0,0
avlhashtree,build_then_add_new,build_then_add_new,build_100k_then_add_20k_new,False,False,False,False,False,True,True,False,,,100000,120000,20000,100000,20000,120000,100000,100K,build_100k_then_add_20k_new,total_ref_5_avl,10,multiple_rows_within_run,current,,total_ref_5_avl.csv,58635786,56082450,59629147,2932,2803,2981,5.81,5.81,5.81,5.81,5.81,5.81,650748,650729,650754,160041,160039,160041,10001,10001,10001,150040,150038,150040,0,0,0,0,0,0,0,0,0,0,0,0,0,0,0,0,0,0,0,0,0,0,0,0,0,0,0,0,0,0,0.0,0.0,0.0,0.0,0.0,0.0,0,0,0,0,0,0,0,0,0,0,0,0
avlhashtree,build_then_reinsert_existing,build_then_reinsert_existing,build_100k_then_reinsert_20k_existing,False,False,False,False,False,False,False,True,,,100000,100000,20000,100000,20000,100000,100000,100K,build_100k_then_reinsert_20k_existing,total_ref_5_avl,10,multiple_rows_within_run,current,,total_ref_5_avl.csv,43102643,42130128,44863703,2154,2106,2243,2.76,2.76,2.76,2.76,2.76,2.76,610820,610798,610827,120041,120038,120041,10001,10001,10001,110040,110037,110040,0,0,0,0,0,0,0,0,0,0,0,0,0,0,0,0,0,0,0,0,0,0,0,0,0,0,0,0,0,0,0.0,0.0,0.0,0.0,0.0,0.0,0,0,0,0,0,0,0,0,0,0,0,0
avlhashtree,exclusion_proof_only_after_build,exclusion_proof_only_after_build,exclusion_proof_only_after_100k_build_sample_5pct,False,False,False,True,True,False,False,False,5.0,5.0,100000,100000,0,100000,0,100000,100000,100K,exclusion_proof_only_after_100k_build_sample_5pct,total_ref_7_exclusion_only_avl,10,multiple_rows_within_run,current,,total_ref_7_exclusion_only_avl.csv,0,0,0,0,0,0,0.0,0.0,0.0,0.0,0.0,0.0,0,0,0,0,0,0,0,0,0,0,0,0,0,0,0,0,0,0,0,0,0,0,0,0,3815807,3597731,6542162,763,719,1308,2069,2069,2069,5123,5059,5541,0,0,0,0,0,0,0.0,0.0,0.0,0.0,0.0,0.0,0,0,0,0,0,0,0,0,0,0,0,0
avlhashtree,insert_only_build,insert_only_build,insert_only_build_100k,False,False,True,False,False,False,False,False,,,0,100000,100000,0,100000,100000,100000,100K,insert_only_build_100k,total_ref_5_avl,10,multiple_rows_within_run,current,,total_ref_5_avl.csv,251984432,246434843,256484509,2519,2464,2564,24.66,24.639,24.672,29.05,29.038999999999998,29.051000000000002,571856,570918,572756,800096,800083,800103,228766,227867,229711,571330,570387,572233,0,0,0,0,0,0,0,0,0,0,0,0,0,0,0,0,0,0,0,0,0,0,0,0,0,0,0,0,0,0,0.0,0.0,0.0,0.0,0.0,0.0,0,0,0,0,0,0,0,0,0,0,0,0
avlhashtree,insert_only_build,prehashed_ordered_insert_only,prehashed_ordered_insert_only_100k,True,True,True,False,False,False,False,False,,,0,100000,100000,0,100000,100000,100000,100K,prehashed_ordered_insert_only_100k,total_ref_5_avl,10,multiple_rows_within_run,current,,total_ref_5_avl.csv,230749360,225331985,232818740,2307,2253,2328,17.735,17.669,18.529,29.03,29.03,29.03,538874,536114,571474,800095,800089,800102,361769,329169,364508,438326,435572,470927,0,0,0,0,0,0,0,0,0,0,0,0,0,0,0,0,0,0,0,0,0,0,0,0,0,0,0,0,0,0,0.0,0.0,0.0,0.0,0.0,0.0,0,0,0,0,0,0,0,0,0,0,0,0
avlhashtree,proof_only_after_build,proof_only_after_build,proof_only_after_100k_build_sample_5pct,False,False,False,True,False,False,False,False,5.0,5.0,100000,100000,0,100000,0,100000,100000,100K,proof_only_after_100k_build_sample_5pct,total_ref_5_avl,10,multiple_rows_within_run,current,,total_ref_5_avl.csv,0,0,0,0,0,0,0.0,0.0,0.0,0.0,0.0,0.0,0,0,0,0,0,0,0,0,0,0,0,0,3046080,2948142,3383905,608,589,676,1976,1974,1978,4382,4326,4538,0,0,0,0,0,0,0,0,0,0,0,0,0,0,0,0,0,0,0.0,0.0,0.0,0.0,0.0,0.0,0,0,0,0,0,0,0,0,0,0,0,0
avlhashtree,build_then_add_new,build_then_add_new,build_200k_then_add_40k_new,False,False,False,False,False,True,True,False,,,200000,240000,40000,200000,40000,240000,200000,200K,build_200k_then_add_40k_new,total_ref_5_avl,10,multiple_rows_within_run,current,,total_ref_5_avl.csv,127575764,125404961,131081123,3189,3134,3277,11.63,11.63,11.63,11.63,11.63,11.63,1300756,1300742,1300768,320046,320045,320048,20001,20001,20001,300045,300044,300047,0,0,0,0,0,0,0,0,0,0,0,0,0,0,0,0,0,0,0,0,0,0,0,0,0,0,0,0,0,0,0.0,0.0,0.0,0.0,0.0,0.0,0,0,0,0,0,0,0,0,0,0,0,0
avlhashtree,build_then_reinsert_existing,build_then_reinsert_existing,build_200k_then_reinsert_40k_existing,False,False,False,False,False,False,False,True,,,200000,200000,40000,200000,40000,200000,200000,200K,build_200k_then_reinsert_40k_existing,total_ref_5_avl,10,multiple_rows_within_run,current,,total_ref_5_avl.csv,98965552,97798024,101361895,2474,2445,2534,5.51,5.51,5.52,5.51,5.51,5.52,1220822,1220797,1220836,240040,240038,240046,20001,20001,20001,220039,220037,220045,0,0,0,0,0,0,0,0,0,0,0,0,0,0,0,0,0,0,0,0,0,0,0,0,0,0,0,0,0,0,0.0,0.0,0.0,0.0,0.0,0.0,0,0,0,0,0,0,0,0,0,0,0,0
avlhashtree,exclusion_proof_only_after_build,exclusion_proof_only_after_build,exclusion_proof_only_after_200k_build_sample_5pct,False,False,False,True,True,False,False,False,5.0,5.0,200000,200000,0,200000,0,200000,200000,200K,exclusion_proof_only_after_200k_build_sample_5pct,total_ref_7_exclusion_only_avl,10,multiple_rows_within_run,current,,total_ref_7_exclusion_only_avl.csv,0,0,0,0,0,0,0.0,0.0,0.0,0.0,0.0,0.0,0,0,0,0,0,0,0,0,0,0,0,0,0,0,0,0,0,0,0,0,0,0,0,0,12289376,9571359,12952210,1228,957,1295,2189,2189,2189,5475,5386,5726,0,0,0,0,0,0,0.0,0.0,0.0,0.0,0.0,0.0,0,0,0,0,0,0,0,0,0,0,0,0
avlhashtree,insert_only_build,insert_only_build,insert_only_build_200k,False,False,True,False,False,False,False,False,,,0,200000,200000,0,200000,200000,200000,200K,insert_only_build_200k,total_ref_5_avl,10,multiple_rows_within_run,current,,total_ref_5_avl.csv,543934366,529006952,559089327,2719,2645,2795,50.05,50.007999999999996,50.099000000000004,58.03,58.03,58.041,1174604,1173004,1176839,1600092,1600086,1600094,426032,423806,427639,1174058,1172444,1176282,0,0,0,0,0,0,0,0,0,0,0,0,0,0,0,0,0,0,0,0,0,0,0,0,0,0,0,0,0,0,0.0,0.0,0.0,0.0,0.0,0.0,0,0,0,0,0,0,0,0,0,0,0,0
avlhashtree,insert_only_build,prehashed_ordered_insert_only,prehashed_ordered_insert_only_200k,True,True,True,False,False,False,False,False,,,0,200000,200000,0,200000,200000,200000,200K,prehashed_ordered_insert_only_200k,total_ref_5_avl,10,multiple_rows_within_run,current,,total_ref_5_avl.csv,482722762,470595318,486850496,2413,2352,2434,35.555,35.419000000000004,35.662,58.025000000000006,58.02,58.03,1081112,1075374,1085622,1600096,1600088,1600102,719536,715011,725282,880552,874816,885078,0,0,0,0,0,0,0,0,0,0,0,0,0,0,0,0,0,0,0,0,0,0,0,0,0,0,0,0,0,0,0.0,0.0,0.0,0.0,0.0,0.0,0,0,0,0,0,0,0,0,0,0,0,0
avlhashtree,proof_only_after_build,proof_only_after_build,proof_only_after_200k_build_sample_5pct,False,False,False,True,False,False,False,False,5.0,5.0,200000,200000,0,200000,0,200000,200000,200K,proof_only_after_200k_build_sample_5pct,total_ref_5_avl,10,multiple_rows_within_run,current,,total_ref_5_avl.csv,0,0,0,0,0,0,0.0,0.0,0.0,0.0,0.0,0.0,0,0,0,0,0,0,0,0,0,0,0,0,7817493,7478294,8233465,781,747,823,2098,2093,2098,4686,4608,4734,0,0,0,0,0,0,0,0,0,0,0,0,0,0,0,0,0,0,0.0,0.0,0.0,0.0,0.0,0.0,0,0,0,0,0,0,0,0,0,0,0,0
avlhashtree,build_then_add_new,build_then_add_new,build_300k_then_add_60k_new,False,False,False,False,False,True,True,False,,,300000,360000,60000,300000,60000,360000,300000,300K,build_300k_then_add_60k_new,total_ref_5_avl,10,multiple_rows_within_run,current,,total_ref_5_avl.csv,224806461,215154292,231541866,3746,3586,3858,17.425,17.42,17.43,17.425,17.42,17.43,1950763,1950749,1950777,480049,480048,480050,30001,30001,30001,450048,450047,450049,0,0,0,0,0,0,0,0,0,0,0,0,0,0,0,0,0,0,0,0,0,0,0,0,0,0,0,0,0,0,0.0,0.0,0.0,0.0,0.0,0.0,0,0,0,0,0,0,0,0,0,0,0,0
avlhashtree,build_then_reinsert_existing,build_then_reinsert_existing,build_300k_then_reinsert_60k_existing,False,False,False,False,False,False,False,True,,,300000,300000,60000,300000,60000,300000,300000,300K,build_300k_then_reinsert_60k_existing,total_ref_5_avl,10,multiple_rows_within_run,current,,total_ref_5_avl.csv,173673304,167949278,177613834,2894,2798,2959,8.27,8.27,8.27,8.27,8.27,8.27,1830834,1830811,1830842,360048,360046,360048,30001,30001,30001,330047,330045,330047,0,0,0,0,0,0,0,0,0,0,0,0,0,0,0,0,0,0,0,0,0,0,0,0,0,0,0,0,0,0,0.0,0.0,0.0,0.0,0.0,0.0,0,0,0,0,0,0,0,0,0,0,0,0
avlhashtree,exclusion_proof_only_after_build,exclusion_proof_only_after_build,exclusion_proof_only_after_300k_build_sample_5pct,False,False,False,True,True,False,False,False,5.0,5.0,300000,300000,0,300000,0,300000,300000,300K,exclusion_proof_only_after_300k_build_sample_5pct,total_ref_7_exclusion_only_avl,10,multiple_rows_within_run,current,,total_ref_7_exclusion_only_avl.csv,0,0,0,0,0,0,0.0,0.0,0.0,0.0,0.0,0.0,0,0,0,0,0,0,0,0,0,0,0,0,0,0,0,0,0,0,0,0,0,0,0,0,21575629,20502112,24204762,1438,1366,1613,2257,2257,2257,5646,5524,6149,0,0,0,0,0,0,0.0,0.0,0.0,0.0,0.0,0.0,0,0,0,0,0,0,0,0,0,0,0,0
avlhashtree,insert_only_build,insert_only_build,insert_only_build_300k,False,False,True,False,False,False,False,False,,,0,300000,300000,0,300000,300000,300000,300K,insert_only_build_300k,total_ref_5_avl,10,multiple_rows_within_run,current,,total_ref_5_avl.csv,884208460,868002772,895897035,2947,2893,2986,72.755,72.616,72.781,87.04,87.04,87.04,1666924,1660949,1667987,2400099,2400096,2400106,733740,732675,739724,1666354,1660381,1667426,0,0,0,0,0,0,0,0,0,0,0,0,0,0,0,0,0,0,0,0,0,0,0,0,0,0,0,0,0,0,0.0,0.0,0.0,0.0,0.0,0.0,0,0,0,0,0,0,0,0,0,0,0,0
avlhashtree,insert_only_build,prehashed_ordered_insert_only,prehashed_ordered_insert_only_300k,True,True,True,False,False,False,False,False,,,0,300000,300000,0,300000,300000,300000,300K,prehashed_ordered_insert_only_300k,total_ref_5_avl,10,multiple_rows_within_run,current,,total_ref_5_avl.csv,744234321,726985088,751453799,2480,2422,2504,53.47,53.245,53.57,87.01,87.01,87.02,1627159,1618240,1631008,2400068,2400055,2400091,1073482,1069640,1082394,1326592,1317669,1330450,0,0,0,0,0,0,0,0,0,0,0,0,0,0,0,0,0,0,0,0,0,0,0,0,0,0,0,0,0,0,0.0,0.0,0.0,0.0,0.0,0.0,0,0,0,0,0,0,0,0,0,0,0,0
avlhashtree,proof_only_after_build,proof_only_after_build,proof_only_after_300k_build_sample_5pct,False,False,False,True,False,False,False,False,5.0,5.0,300000,300000,0,300000,0,300000,300000,300K,proof_only_after_300k_build_sample_5pct,total_ref_5_avl,10,multiple_rows_within_run,current,,total_ref_5_avl.csv,0,0,0,0,0,0,0.0,0.0,0.0,0.0,0.0,0.0,0,0,0,0,0,0,0,0,0,0,0,0,14666269,13416184,15289857,977,894,1019,2168,2166,2169,4938,4809,4979,0,0,0,0,0,0,0,0,0,0,0,0,0,0,0,0,0,0,0.0,0.0,0.0,0.0,0.0,0.0,0,0,0,0,0,0,0,0,0,0,0,0
avlhashtree,build_then_add_new,build_then_add_new,build_500k_then_add_100k_new,False,False,False,False,False,True,True,False,,,500000,600000,100000,500000,100000,600000,500000,500K,build_500k_then_add_100k_new,total_ref_5_avl,10,multiple_rows_within_run,current,,total_ref_5_avl.csv,415703698,413255945,426968360,4156,4132,4270,29.03,29.029,29.03,29.03,29.029,29.03,3250774,3250759,3250788,800053,800051,800055,50001,50001,50001,750052,750050,750054,0,0,0,0,0,0,0,0,0,0,0,0,0,0,0,0,0,0,0,0,0,0,0,0,0,0,0,0,0,0,0.0,0.0,0.0,0.0,0.0,0.0,0,0,0,0,0,0,0,0,0,0,0,0
avlhashtree,build_then_reinsert_existing,build_then_reinsert_existing,build_500k_then_reinsert_100k_existing,False,False,False,False,False,False,False,True,,,500000,500000,100000,500000,100000,500000,500000,500K,build_500k_then_reinsert_100k_existing,total_ref_5_avl,10,multiple_rows_within_run,current,,total_ref_5_avl.csv,322838129,316674823,327671581,3228,3166,3276,13.76,13.76,13.76,13.76,13.76,13.76,3050842,3050823,3050852,600050,600049,600050,50001,50001,50001,550049,550048,550049,0,0,0,0,0,0,0,0,0,0,0,0,0,0,0,0,0,0,0,0,0,0,0,0,0,0,0,0,0,0,0.0,0.0,0.0,0.0,0.0,0.0,0,0,0,0,0,0,0,0,0,0,0,0
avlhashtree,exclusion_proof_only_after_build,exclusion_proof_only_after_build,exclusion_proof_only_after_500k_build_sample_5pct,False,False,False,True,True,False,False,False,5.0,5.0,500000,500000,0,500000,0,500000,500000,500K,exclusion_proof_only_after_500k_build_sample_5pct,total_ref_7_exclusion_only_avl,10,multiple_rows_within_run,current,,total_ref_7_exclusion_only_avl.csv,0,0,0,0,0,0,0.0,0.0,0.0,0.0,0.0,0.0,0,0,0,0,0,0,0,0,0,0,0,0,0,0,0,0,0,0,0,0,0,0,0,0,46422268,44005834,52489262,1856,1760,2099,2347,2347,2347,6020,5730,6884,0,0,0,0,0,0,0.0,0.0,0.0,0.0,0.0,0.0,0,0,0,0,0,0,0,0,0,0,0,0
avlhashtree,insert_only_build,insert_only_build,insert_only_build_500k,False,False,True,False,False,False,False,False,,,0,500000,500000,0,500000,500000,500000,500K,insert_only_build_500k,total_ref_5_avl,10,multiple_rows_within_run,current,,total_ref_5_avl.csv,1613095704,1595014802,1749246036,3226,3189,3498,119.62,119.486,119.96000000000001,145.04500000000002,145.04,145.05100000000002,2710602,2705490,2724593,4000112,4000102,4000119,1290072,1276090,1295199,2710032,2704910,2724020,0,0,0,0,0,0,0,0,0,0,0,0,0,0,0,0,0,0,0,0,0,0,0,0,0,0,0,0,0,0,0.0,0.0,0.0,0.0,0.0,0.0,0,0,0,0,0,0,0,0,0,0,0,0
avlhashtree,insert_only_build,prehashed_ordered_insert_only,prehashed_ordered_insert_only_500k,True,True,True,False,False,False,False,False,,,0,500000,500000,0,500000,500000,500000,500K,prehashed_ordered_insert_only_500k,total_ref_5_avl,10,multiple_rows_within_run,current,,total_ref_5_avl.csv,1280824117,1249632472,1288611701,2562,2499,2576,95.85499999999999,95.829,96.132,145.02,145.02,145.04,2987510,2986684,2998925,4000100,4000095,4000107,1513147,1501733,1513958,2486957,2486137,2498372,0,0,0,0,0,0,0,0,0,0,0,0,0,0,0,0,0,0,0,0,0,0,0,0,0,0,0,0,0,0,0.0,0.0,0.0,0.0,0.0,0.0,0,0,0,0,0,0,0,0,0,0,0,0
avlhashtree,proof_only_after_build,proof_only_after_build,proof_only_after_500k_build_sample_5pct,False,False,False,True,False,False,False,False,5.0,5.0,500000,500000,0,500000,0,500000,500000,500K,proof_only_after_500k_build_sample_5pct,total_ref_5_avl,10,multiple_rows_within_run,current,,total_ref_5_avl.csv,0,0,0,0,0,0,0.0,0.0,0.0,0.0,0.0,0.0,0,0,0,0,0,0,0,0,0,0,0,0,32454212,30643294,33943574,1298,1225,1357,2257,2257,2258,5322,5219,5471,0,0,0,0,0,0,0,0,0,0,0,0,0,0,0,0,0,0,0.0,0.0,0.0,0.0,0.0,0.0,0,0,0,0,0,0,0,0,0,0,0,0
avlhashtree,build_then_add_new,build_then_add_new,build_700k_then_add_140k_new,False,False,False,False,False,True,True,False,,,700000,840000,140000,700000,140000,840000,700000,700K,build_700k_then_add_140k_new,total_ref_5_avl,10,multiple_rows_within_run,current,,total_ref_5_avl.csv,635865527,608316984,688948965,4542,4345,4920,40.63,40.63,40.63,40.63,40.63,40.63,4550783,4550765,4550789,1120054,1120053,1120055,70001,70001,70001,1050053,1050052,1050054,0,0,0,0,0,0,0,0,0,0,0,0,0,0,0,0,0,0,0,0,0,0,0,0,0,0,0,0,0,0,0.0,0.0,0.0,0.0,0.0,0.0,0,0,0,0,0,0,0,0,0,0,0,0
avlhashtree,build_then_reinsert_existing,build_then_reinsert_existing,build_700k_then_reinsert_140k_existing,False,False,False,False,False,False,False,True,,,700000,700000,140000,700000,140000,700000,700000,700K,build_700k_then_reinsert_140k_existing,total_ref_5_avl,10,multiple_rows_within_run,current,,total_ref_5_avl.csv,473645904,469917493,486482273,3382,3356,3474,19.26,19.26,19.26,19.26,19.26,19.26,4270848,4270830,4270858,840050,840049,840052,70001,70001,70001,770049,770048,770051,0,0,0,0,0,0,0,0,0,0,0,0,0,0,0,0,0,0,0,0,0,0,0,0,0,0,0,0,0,0,0.0,0.0,0.0,0.0,0.0,0.0,0,0,0,0,0,0,0,0,0,0,0,0
avlhashtree,exclusion_proof_only_after_build,exclusion_proof_only_after_build,exclusion_proof_only_after_700k_build_sample_5pct,False,False,False,True,True,False,False,False,5.0,5.0,700000,700000,0,700000,0,700000,700000,700K,exclusion_proof_only_after_700k_build_sample_5pct,total_ref_7_exclusion_only_avl,10,multiple_rows_within_run,current,,total_ref_7_exclusion_only_avl.csv,0,0,0,0,0,0,0.0,0.0,0.0,0.0,0.0,0.0,0,0,0,0,0,0,0,0,0,0,0,0,0,0,0,0,0,0,0,0,0,0,0,0,62778189,58090088,75896496,1793,1660,2168,2408,2408,2408,6014,5853,6950,0,0,0,0,0,0,0.0,0.0,0.0,0.0,0.0,0.0,0,0,0,0,0,0,0,0,0,0,0,0
avlhashtree,insert_only_build,insert_only_build,insert_only_build_700k,False,False,True,False,False,False,False,False,,,0,700000,700000,0,700000,700000,700000,700K,insert_only_build_700k,total_ref_5_avl,10,multiple_rows_within_run,current,,total_ref_5_avl.csv,2415850902,2377315567,2500605346,3451,3396,3572,177.81,177.525,178.10399999999998,203.06,203.059,203.07,4217925,4206602,4229894,5600118,5600113,5600126,1382776,1370805,1394097,4217345,4206017,4229308,0,0,0,0,0,0,0,0,0,0,0,0,0,0,0,0,0,0,0,0,0,0,0,0,0,0,0,0,0,0,0.0,0.0,0.0,0.0,0.0,0.0,0,0,0,0,0,0,0,0,0,0,0,0
avlhashtree,insert_only_build,prehashed_ordered_insert_only,prehashed_ordered_insert_only_700k,True,True,True,False,False,False,False,False,,,0,700000,700000,0,700000,700000,700000,700K,prehashed_ordered_insert_only_700k,total_ref_5_avl,10,multiple_rows_within_run,current,,total_ref_5_avl.csv,1834224526,1790419999,1849057468,2620,2557,2641,134.44,134.34,134.562,203.03,203.03,203.03,4192203,4187908,4197117,5600102,5600094,5600107,2108459,2103539,2112747,3491640,3487356,3496563,0,0,0,0,0,0,0,0,0,0,0,0,0,0,0,0,0,0,0,0,0,0,0,0,0,0,0,0,0,0,0.0,0.0,0.0,0.0,0.0,0.0,0,0,0,0,0,0,0,0,0,0,0,0
avlhashtree,proof_only_after_build,proof_only_after_build,proof_only_after_700k_build_sample_5pct,False,False,False,True,False,False,False,False,5.0,5.0,700000,700000,0,700000,0,700000,700000,700K,proof_only_after_700k_build_sample_5pct,total_ref_5_avl,10,multiple_rows_within_run,current,,total_ref_5_avl.csv,0,0,0,0,0,0,0.0,0.0,0.0,0.0,0.0,0.0,0,0,0,0,0,0,0,0,0,0,0,0,50361652,46706634,52069276,1438,1334,1487,2316,2315,2317,5374,5250,5444,0,0,0,0,0,0,0,0,0,0,0,0,0,0,0,0,0,0,0.0,0.0,0.0,0.0,0.0,0.0,0,0,0,0,0,0,0,0,0,0,0,0
avlhashtree,build_then_add_new,build_then_add_new,build_900k_then_add_180k_new,False,False,False,False,False,True,True,False,,,900000,1080000,180000,900000,180000,1080000,900000,900K,build_900k_then_add_180k_new,total_ref_5_avl,10,multiple_rows_within_run,current,,total_ref_5_avl.csv,874674233,869343951,899864482,4859,4830,4998,52.23,52.23,52.23,52.23,52.23,52.23,5850790,5850773,5850800,1440055,1440053,1440058,90001,90000,90001,1350054,1350052,1350058,0,0,0,0,0,0,0,0,0,0,0,0,0,0,0,0,0,0,0,0,0,0,0,0,0,0,0,0,0,0,0.0,0.0,0.0,0.0,0.0,0.0,0,0,0,0,0,0,0,0,0,0,0,0
avlhashtree,build_then_reinsert_existing,build_then_reinsert_existing,build_900k_then_reinsert_180k_existing,False,False,False,False,False,False,False,True,,,900000,900000,180000,900000,180000,900000,900000,900K,build_900k_then_reinsert_180k_existing,total_ref_5_avl,10,multiple_rows_within_run,current,,total_ref_5_avl.csv,647497730,636917954,663212827,3597,3538,3684,24.76,24.76,24.76,24.76,24.76,24.76,5490860,5490838,5490866,1080055,1080052,1080057,90001,90001,90001,990054,990051,990056,0,0,0,0,0,0,0,0,0,0,0,0,0,0,0,0,0,0,0,0,0,0,0,0,0,0,0,0,0,0,0.0,0.0,0.0,0.0,0.0,0.0,0,0,0,0,0,0,0,0,0,0,0,0
avlhashtree,exclusion_proof_only_after_build,exclusion_proof_only_after_build,exclusion_proof_only_after_900k_build_sample_5pct,False,False,False,True,True,False,False,False,5.0,5.0,900000,900000,0,900000,0,900000,900000,900K,exclusion_proof_only_after_900k_build_sample_5pct,total_ref_7_exclusion_only_avl,10,multiple_rows_within_run,current,,total_ref_7_exclusion_only_avl.csv,0,0,0,0,0,0,0.0,0.0,0.0,0.0,0.0,0.0,0,0,0,0,0,0,0,0,0,0,0,0,0,0,0,0,0,0,0,0,0,0,0,0,86604714,83182081,90373943,1924,1848,2008,2452,2452,2452,6534,6058,6823,0,0,0,0,0,0,0.0,0.0,0.0,0.0,0.0,0.0,0,0,0,0,0,0,0,0,0,0,0,0
avlhashtree,insert_only_build,insert_only_build,insert_only_build_900k,False,False,True,False,False,False,False,False,,,0,900000,900000,0,900000,900000,900000,900K,insert_only_build_900k,total_ref_5_avl,10,multiple_rows_within_run,current,,total_ref_5_avl.csv,3334434746,3184286461,3510614843,3704,3538,3900,216.555,216.315,217.863,261.07,261.07,261.08,4929164,4919522,4982726,7200132,7200130,7200144,2271559,2217993,2281195,4928576,4918938,4982150,0,0,0,0,0,0,0,0,0,0,0,0,0,0,0,0,0,0,0,0,0,0,0,0,0,0,0,0,0,0,0.0,0.0,0.0,0.0,0.0,0.0,0,0,0,0,0,0,0,0,0,0,0,0
avlhashtree,insert_only_build,prehashed_ordered_insert_only,prehashed_ordered_insert_only_900k,True,True,True,False,False,False,False,False,,,0,900000,900000,0,900000,900000,900000,900K,prehashed_ordered_insert_only_900k,total_ref_5_avl,10,multiple_rows_within_run,current,,total_ref_5_avl.csv,2391314352,2343652991,2424583650,2656,2604,2694,173.135,172.835,173.781,261.03,261.03,261.04,5401405,5388708,5427950,7200106,7200098,7200121,2699267,2672723,2711957,4500844,4488149,4527398,0,0,0,0,0,0,0,0,0,0,0,0,0,0,0,0,0,0,0,0,0,0,0,0,0,0,0,0,0,0,0.0,0.0,0.0,0.0,0.0,0.0,0,0,0,0,0,0,0,0,0,0,0,0
avlhashtree,proof_only_after_build,proof_only_after_build,proof_only_after_900k_build_sample_5pct,False,False,False,True,False,False,False,False,5.0,5.0,900000,900000,0,900000,0,900000,900000,900K,proof_only_after_900k_build_sample_5pct,total_ref_5_avl,10,multiple_rows_within_run,current,,total_ref_5_avl.csv,0,0,0,0,0,0,0.0,0.0,0.0,0.0,0.0,0.0,0,0,0,0,0,0,0,0,0,0,0,0,70126458,66059035,73667828,1558,1467,1637,2360,2359,2361,5456,5367,5554,0,0,0,0,0,0,0,0,0,0,0,0,0,0,0,0,0,0,0.0,0.0,0.0,0.0,0.0,0.0,0,0,0,0,0,0,0,0,0,0,0,0
avlhashtree,build_then_add_new,build_then_add_new,build_1m_then_add_200k_new,False,False,False,False,False,True,True,False,,,1000000,1200000,200000,1000000,200000,1200000,1000000,1M,build_1m_then_add_200k_new,total_ref_5_avl,10,multiple_rows_within_run,current,,total_ref_5_avl.csv,1010285382,956819518,1061902094,5051,4783,5309,58.03,58.03,58.03,58.03,58.03,58.03,6500793,6500779,6500804,1600054,1600053,1600056,100001,100001,100001,1500053,1500052,1500055,0,0,0,0,0,0,0,0,0,0,0,0,0,0,0,0,0,0,0,0,0,0,0,0,0,0,0,0,0,0,0.0,0.0,0.0,0.0,0.0,0.0,0,0,0,0,0,0,0,0,0,0,0,0
avlhashtree,build_then_reinsert_existing,build_then_reinsert_existing,build_1m_then_reinsert_200k_existing,False,False,False,False,False,False,False,True,,,1000000,1000000,200000,1000000,200000,1000000,1000000,1M,build_1m_then_reinsert_200k_existing,total_ref_5_avl,10,multiple_rows_within_run,current,,total_ref_5_avl.csv,733778845,721861701,757049434,3668,3608,3785,27.51,27.51,27.51,27.51,27.51,27.51,6100860,6100841,6100875,1200053,1200045,1200057,100001,100001,100001,1100052,1100044,1100056,0,0,0,0,0,0,0,0,0,0,0,0,0,0,0,0,0,0,0,0,0,0,0,0,0,0,0,0,0,0,0.0,0.0,0.0,0.0,0.0,0.0,0,0,0,0,0,0,0,0,0,0,0,0
avlhashtree,exclusion_proof_only_after_build,exclusion_proof_only_after_build,exclusion_proof_only_after_1m_build_sample_5pct,False,False,False,True,True,False,False,False,5.0,5.0,1000000,1000000,0,1000000,0,1000000,1000000,1M,exclusion_proof_only_after_1m_build_sample_5pct,total_ref_7_exclusion_only_avl,10,multiple_rows_within_run,current,,total_ref_7_exclusion_only_avl.csv,0,0,0,0,0,0,0.0,0.0,0.0,0.0,0.0,0.0,0,0,0,0,0,0,0,0,0,0,0,0,0,0,0,0,0,0,0,0,0,0,0,0,98033676,95904172,101630900,1960,1917,2032,2469,2469,2469,6332,6261,6459,0,0,0,0,0,0,0.0,0.0,0.0,0.0,0.0,0.0,0,0,0,0,0,0,0,0,0,0,0,0
avlhashtree,insert_only_build,insert_only_build,insert_only_build_1m,False,False,True,False,False,False,False,False,,,0,1000000,1000000,0,1000000,1000000,1000000,1M,insert_only_build_1m,total_ref_5_avl,10,multiple_rows_within_run,current,,total_ref_5_avl.csv,3757838079,3562811022,3832741457,3758,3562,3832,245.475,244.82500000000002,246.97099999999998,290.08,290.07,290.08,5675585,5649177,5737087,8000135,8000123,8000151,2325151,2263645,2351560,5674994,5648586,5736504,0,0,0,0,0,0,0,0,0,0,0,0,0,0,0,0,0,0,0,0,0,0,0,0,0,0,0,0,0,0,0.0,0.0,0.0,0.0,0.0,0.0,0,0,0,0,0,0,0,0,0,0,0,0
avlhashtree,insert_only_build,prehashed_ordered_insert_only,prehashed_ordered_insert_only_1m,True,True,True,False,False,False,False,False,,,0,1000000,1000000,0,1000000,1000000,1000000,1M,prehashed_ordered_insert_only_1m,total_ref_5_avl,10,multiple_rows_within_run,current,,total_ref_5_avl.csv,2672138372,2597732398,2688535642,2672,2597,2688,192.445,192.269,192.643,290.04,290.03,290.04,6004359,5997009,6012489,8000111,8000103,8000121,2996313,2988195,3003671,5003790,4996434,5011926,0,0,0,0,0,0,0,0,0,0,0,0,0,0,0,0,0,0,0,0,0,0,0,0,0,0,0,0,0,0,0.0,0.0,0.0,0.0,0.0,0.0,0,0,0,0,0,0,0,0,0,0,0,0
avlhashtree,proof_only_after_build,proof_only_after_build,proof_only_after_1m_build_sample_5pct,False,False,False,True,False,False,False,False,5.0,5.0,1000000,1000000,0,1000000,0,1000000,1000000,1M,proof_only_after_1m_build_sample_5pct,total_ref_5_avl,10,multiple_rows_within_run,current,,total_ref_5_avl.csv,0,0,0,0,0,0,0.0,0.0,0.0,0.0,0.0,0.0,0,0,0,0,0,0,0,0,0,0,0,0,79012360,76316245,82477324,1580,1526,1649,2380,2378,2380,5532,5391,5606,0,0,0,0,0,0,0,0,0,0,0,0,0,0,0,0,0,0,0.0,0.0,0.0,0.0,0.0,0.0,0,0,0,0,0,0,0,0,0,0,0,0
avlhashtree,build_then_add_new,build_then_add_new,build_2m_then_add_400k_new,False,False,False,False,False,True,True,False,,,2000000,2400000,400000,2000000,400000,2400000,2000000,2M,build_2m_then_add_400k_new,total_ref_5_avl,10,multiple_rows_within_run,current,,total_ref_5_avl.csv,2267769143,2237905581,2370747634,5669,5595,5926,116.06,116.06,116.07,116.06,116.06,116.07,13000812,13000791,13000822,3200062,3200061,3200067,200001,200001,200001,3000061,3000060,3000066,0,0,0,0,0,0,0,0,0,0,0,0,0,0,0,0,0,0,0,0,0,0,0,0,0,0,0,0,0,0,0.0,0.0,0.0,0.0,0.0,0.0,0,0,0,0,0,0,0,0,0,0,0,0
avlhashtree,build_then_reinsert_existing,build_then_reinsert_existing,build_2m_then_reinsert_400k_existing,False,False,False,False,False,False,False,True,,,2000000,2000000,400000,2000000,400000,2000000,2000000,2M,build_2m_then_reinsert_400k_existing,total_ref_5_avl,10,multiple_rows_within_run,current,,total_ref_5_avl.csv,1700504294,1667871618,1733653576,4251,4169,4334,55.01,55.01,55.01,55.01,55.01,55.01,12200869,12200856,12200890,2400059,2400051,2400059,200001,200001,200001,2200058,2200050,2200058,0,0,0,0,0,0,0,0,0,0,0,0,0,0,0,0,0,0,0,0,0,0,0,0,0,0,0,0,0,0,0.0,0.0,0.0,0.0,0.0,0.0,0,0,0,0,0,0,0,0,0,0,0,0
avlhashtree,exclusion_proof_only_after_build,exclusion_proof_only_after_build,exclusion_proof_only_after_2m_build_sample_3pct,False,False,False,True,True,False,False,False,3.0,3.0,2000000,2000000,0,2000000,0,2000000,2000000,2M,exclusion_proof_only_after_2m_build_sample_3pct,total_ref_7_exclusion_only_avl,10,multiple_rows_within_run,current,,total_ref_7_exclusion_only_avl.csv,0,0,0,0,0,0,0.0,0.0,0.0,0.0,0.0,0.0,0,0,0,0,0,0,0,0,0,0,0,0,0,0,0,0,0,0,0,0,0,0,0,0,158148222,152232351,162049950,2635,2537,2700,2590,2590,2590,8304,8117,8431,0,0,0,0,0,0,0.0,0.0,0.0,0.0,0.0,0.0,0,0,0,0,0,0,0,0,0,0,0,0
avlhashtree,insert_only_build,insert_only_build,insert_only_build_2m,False,False,True,False,False,False,False,False,,,0,2000000,2000000,0,2000000,2000000,2000000,2M,insert_only_build_2m,total_ref_5_avl,10,multiple_rows_within_run,current,,total_ref_5_avl.csv,8819342646,8585173643,8958802136,4410,4292,4479,500.885,499.862,501.655,580.19,580.1850000000001,580.2,11754354,11712604,11786474,16000170,16000159,16000176,4246414,4214278,4288154,11753762,11711996,11785890,0,0,0,0,0,0,0,0,0,0,0,0,0,0,0,0,0,0,0,0,0,0,0,0,0,0,0,0,0,0,0.0,0.0,0.0,0.0,0.0,0.0,0,0,0,0,0,0,0,0,0,0,0,0
avlhashtree,insert_only_build,prehashed_ordered_insert_only,prehashed_ordered_insert_only_2m,True,True,True,False,False,False,False,False,,,0,2000000,2000000,0,2000000,2000000,2000000,2M,prehashed_ordered_insert_only_2m,total_ref_5_avl,10,multiple_rows_within_run,current,,total_ref_5_avl.csv,5574496478,5453861280,5608618137,2786,2727,2804,384.38,383.897,387.515,580.04,580.04,580.05,11987570,11967611,12115996,16000128,16000124,16000139,6013120,5884707,6033094,9987002,9967036,10115427,0,0,0,0,0,0,0,0,0,0,0,0,0,0,0,0,0,0,0,0,0,0,0,0,0,0,0,0,0,0,0.0,0.0,0.0,0.0,0.0,0.0,0,0,0,0,0,0,0,0,0,0,0,0
avlhashtree,proof_only_after_build,proof_only_after_build,proof_only_after_2m_build_sample_3pct,False,False,False,True,False,False,False,False,3.0,3.0,2000000,2000000,0,2000000,0,2000000,2000000,2M,proof_only_after_2m_build_sample_3pct,total_ref_5_avl,10,multiple_rows_within_run,current,,total_ref_5_avl.csv,0,0,0,0,0,0,0.0,0.0,0.0,0.0,0.0,0.0,0,0,0,0,0,0,0,0,0,0,0,0,113394855,108949752,114705034,1890,1815,1912,2499,2498,2500,6136,5816,6197,0,0,0,0,0,0,0,0,0,0,0,0,0,0,0,0,0,0,0.0,0.0,0.0,0.0,0.0,0.0,0,0,0,0,0,0,0,0,0,0,0,0
avlhashtree,build_then_add_new,build_then_add_new,build_5m_then_add_1m_new,False,False,False,False,False,True,True,False,,,5000000,6000000,1000000,5000000,1000000,6000000,5000000,5M,build_5m_then_add_1m_new,total_ref_5_avl,10,multiple_rows_within_run,current,,total_ref_5_avl.csv,6603492784,6416042705,6702315504,6603,6416,6702,290.16,290.16,290.161,290.16,290.16,290.161,32500836,32500815,32500853,8000085,8000081,8000087,500001,500000,500001,7500084,7500080,7500086,0,0,0,0,0,0,0,0,0,0,0,0,0,0,0,0,0,0,0,0,0,0,0,0,0,0,0,0,0,0,0.0,0.0,0.0,0.0,0.0,0.0,0,0,0,0,0,0,0,0,0,0,0,0
avlhashtree,build_then_reinsert_existing,build_then_reinsert_existing,build_5m_then_reinsert_1m_existing,False,False,False,False,False,False,False,True,,,5000000,5000000,1000000,5000000,1000000,5000000,5000000,5M,build_5m_then_reinsert_1m_existing,total_ref_5_avl,10,multiple_rows_within_run,current,,total_ref_5_avl.csv,5124390616,4997315838,5249023130,5124,4997,5248,137.52,137.52,137.53,137.52,137.52,137.53,30500896,30500878,30500914,6000076,6000074,6000078,500001,500000,500001,5500074,5500073,5500077,0,0,0,0,0,0,0,0,0,0,0,0,0,0,0,0,0,0,0,0,0,0,0,0,0,0,0,0,0,0,0.0,0.0,0.0,0.0,0.0,0.0,0,0,0,0,0,0,0,0,0,0,0,0
avlhashtree,exclusion_proof_only_after_build,exclusion_proof_only_after_build,exclusion_proof_only_after_5m_build_sample_3pct,False,False,False,True,True,False,False,False,3.0,3.0,5000000,5000000,0,5000000,0,5000000,5000000,5M,exclusion_proof_only_after_5m_build_sample_3pct,total_ref_7_exclusion_only_avl,10,multiple_rows_within_run,current,,total_ref_7_exclusion_only_avl.csv,0,0,0,0,0,0,0.0,0.0,0.0,0.0,0.0,0.0,0,0,0,0,0,0,0,0,0,0,0,0,0,0,0,0,0,0,0,0,0,0,0,0,450782798,437021194,458372333,3005,2913,3055,2754,2754,2754,8886,8752,8970,0,0,0,0,0,0,0.0,0.0,0.0,0.0,0.0,0.0,0,0,0,0,0,0,0,0,0,0,0,0
avlhashtree,insert_only_build,insert_only_build,insert_only_build_5m,False,False,True,False,False,False,False,False,,,0,5000000,5000000,0,5000000,5000000,5000000,5M,insert_only_build_5m,total_ref_5_avl,10,multiple_rows_within_run,current,,total_ref_5_avl.csv,26662099648,26344244361,27034818422,5332,5269,5406,1199.49,1198.876,1201.1670000000001,1450.52,1450.509,1450.53,27223136,27198094,27291829,40000268,40000262,40000280,12777730,12709035,12802770,27222542,27197503,27291226,0,0,0,0,0,0,0,0,0,0,0,0,0,0,0,0,0,0,0,0,0,0,0,0,0,0,0,0,0,0,0.0,0.0,0.0,0.0,0.0,0.0,0,0,0,0,0,0,0,0,0,0,0,0
avlhashtree,insert_only_build,prehashed_ordered_insert_only,prehashed_ordered_insert_only_5m,True,True,True,False,False,False,False,False,,,0,5000000,5000000,0,5000000,5000000,5000000,5M,prehashed_ordered_insert_only_5m,total_ref_5_avl,10,multiple_rows_within_run,current,,total_ref_5_avl.csv,14684216326,14496215510,14785284400,2936,2899,2957,957.52,953.351,964.473,1450.05,1450.04,1450.05,29828408,29657677,30113227,40000168,40000158,40000175,15172332,14887517,15343067,24827842,24657096,25112652,0,0,0,0,0,0,0,0,0,0,0,0,0,0,0,0,0,0,0,0,0,0,0,0,0,0,0,0,0,0,0.0,0.0,0.0,0.0,0.0,0.0,0,0,0,0,0,0,0,0,0,0,0,0
avlhashtree,proof_only_after_build,proof_only_after_build,proof_only_after_5m_build_sample_3pct,False,False,False,True,False,False,False,False,3.0,3.0,5000000,5000000,0,5000000,0,5000000,5000000,5M,proof_only_after_5m_build_sample_3pct,total_ref_5_avl,10,multiple_rows_within_run,current,,total_ref_5_avl.csv,0,0,0,0,0,0,0.0,0.0,0.0,0.0,0.0,0.0,0,0,0,0,0,0,0,0,0,0,0,0,335066514,330193298,351044924,2234,2201,2340,2663,2662,2663,6542,6372,6609,0,0,0,0,0,0,0,0,0,0,0,0,0,0,0,0,0,0,0.0,0.0,0.0,0.0,0.0,0.0,0,0,0,0,0,0,0,0,0,0,0,0
avlhashtree,build_then_add_new,build_then_add_new,build_10m_then_add_2m_new,False,False,False,False,False,True,True,False,,,10000000,12000000,2000000,10000000,2000000,12000000,10000000,10M,build_10m_then_add_2m_new,total_ref_5_avl,10,multiple_rows_within_run,current,,total_ref_5_avl.csv,14643343693,14478944580,14846899136,7322,7239,7422,580.35,580.349,580.36,580.35,580.349,580.36,65000879,65000860,65000893,16000118,16000116,16000121,1000001,1000000,1000001,15000118,15000115,15000121,0,0,0,0,0,0,0,0,0,0,0,0,0,0,0,0,0,0,0,0,0,0,0,0,0,0,0,0,0,0,0.0,0.0,0.0,0.0,0.0,0.0,0,0,0,0,0,0,0,0,0,0,0,0
avlhashtree,build_then_reinsert_existing,build_then_reinsert_existing,build_10m_then_reinsert_2m_existing,False,False,False,False,False,False,False,True,,,10000000,10000000,2000000,10000000,2000000,10000000,10000000,10M,build_10m_then_reinsert_2m_existing,total_ref_5_avl,10,multiple_rows_within_run,current,,total_ref_5_avl.csv,11832889284,11349658018,11907591416,5916,5674,5953,275.065,275.06,275.08,275.065,275.06,275.08,61000930,61000913,61000948,12000106,12000102,12000108,1000001,1000000,1000001,11000105,11000101,11000107,0,0,0,0,0,0,0,0,0,0,0,0,0,0,0,0,0,0,0,0,0,0,0,0,0,0,0,0,0,0,0.0,0.0,0.0,0.0,0.0,0.0,0,0,0,0,0,0,0,0,0,0,0,0
avlhashtree,exclusion_proof_only_after_build,exclusion_proof_only_after_build,exclusion_proof_only_after_10m_build_sample_2pct,False,False,False,True,True,False,False,False,2.0,2.0,10000000,10000000,0,10000000,0,10000000,10000000,10M,exclusion_proof_only_after_10m_build_sample_2pct,total_ref_7_exclusion_only_avl,10,multiple_rows_within_run,current,,total_ref_7_exclusion_only_avl.csv,0,0,0,0,0,0,0.0,0.0,0.0,0.0,0.0,0.0,0,0,0,0,0,0,0,0,0,0,0,0,0,0,0,0,0,0,0,0,0,0,0,0,688355938,667212395,696903999,3442,3335,3484,2871,2871,2871,9434,9331,9550,0,0,0,0,0,0,0.0,0.0,0.0,0.0,0.0,0.0,0,0,0,0,0,0,0,0,0,0,0,0
avlhashtree,insert_only_build,insert_only_build,insert_only_build_10m,False,False,True,False,False,False,False,False,,,0,10000000,10000000,0,10000000,10000000,10000000,10M,insert_only_build_10m,total_ref_5_avl,10,multiple_rows_within_run,current,,total_ref_5_avl.csv,60899851110,58737204782,61626486470,6090,5873,6162,2457.99,2451.278,2460.477,2901.215,2901.17,2901.2309999999998,56853428,56580472,56957445,80000420,80000414,80000434,23147590,23043571,23420551,56852834,56579865,56956848,0,0,0,0,0,0,0,0,0,0,0,0,0,0,0,0,0,0,0,0,0,0,0,0,0,0,0,0,0,0,0.0,0.0,0.0,0.0,0.0,0.0,0,0,0,0,0,0,0,0,0,0,0,0
avlhashtree,insert_only_build,prehashed_ordered_insert_only,prehashed_ordered_insert_only_10m,True,True,True,False,False,False,False,False,,,0,10000000,10000000,0,10000000,10000000,10000000,10M,prehashed_ordered_insert_only_10m,total_ref_5_avl,10,multiple_rows_within_run,current,,total_ref_5_avl.csv,30410312854,29840393484,30575536499,3040,2984,3058,1912.845,1905.806,1919.1979999999999,2900.02,2900.01,2900.04,59568112,59280044,59828468,80000225,80000213,80000231,30432680,30172334,30720752,49567544,49279471,49827902,0,0,0,0,0,0,0,0,0,0,0,0,0,0,0,0,0,0,0,0,0,0,0,0,0,0,0,0,0,0,0.0,0.0,0.0,0.0,0.0,0.0,0,0,0,0,0,0,0,0,0,0,0,0
avlhashtree,proof_only_after_build,proof_only_after_build,proof_only_after_10m_build_sample_2pct,False,False,False,True,False,False,False,False,2.0,2.0,10000000,10000000,0,10000000,0,10000000,10000000,10M,proof_only_after_10m_build_sample_2pct,total_ref_5_avl,10,multiple_rows_within_run,current,,total_ref_5_avl.csv,0,0,0,0,0,0,0.0,0.0,0.0,0.0,0.0,0.0,0,0,0,0,0,0,0,0,0,0,0,0,498736122,490466985,520884055,2494,2452,2604,2780,2780,2781,6659,6432,7199,0,0,0,0,0,0,0,0,0,0,0,0,0,0,0,0,0,0,0.0,0.0,0.0,0.0,0.0,0.0,0,0,0,0,0,0,0,0,0,0,0,0
avlhashtree,build_then_add_new,build_then_add_new,build_25m_then_add_5m_new,False,False,False,False,False,True,True,False,,,25000000,30000000,5000000,25000000,5000000,30000000,25000000,25M,build_25m_then_add_5m_new,total_ref_5_avl,10,multiple_rows_within_run,current,,total_ref_5_avl.csv,43368023089,42510514287,43845341092,8673,8502,8769,1451.17,1451.1490000000001,1451.18,1451.17,1451.1490000000001,1451.18,162501024,162501005,162501037,40000254,40000252,40000259,2500001,2500001,2500001,37500254,37500251,37500258,0,0,0,0,0,0,0,0,0,0,0,0,0,0,0,0,0,0,0,0,0,0,0,0,0,0,0,0,0,0,0.0,0.0,0.0,0.0,0.0,0.0,0,0,0,0,0,0,0,0,0,0,0,0
avlhashtree,build_then_reinsert_existing,build_then_reinsert_existing,build_25m_then_reinsert_5m_existing,False,False,False,False,False,False,False,True,,,25000000,25000000,5000000,25000000,5000000,25000000,25000000,25M,build_25m_then_reinsert_5m_existing,total_ref_5_avl,10,multiple_rows_within_run,current,,total_ref_5_avl.csv,35269270090,34818761837,35927924390,7053,6964,7185,687.84,687.789,687.84,687.84,687.789,687.84,152501041,152501018,152501060,30000204,30000198,30000210,2500000,2500000,2500001,27500203,27500198,27500209,0,0,0,0,0,0,0,0,0,0,0,0,0,0,0,0,0,0,0,0,0,0,0,0,0,0,0,0,0,0,0.0,0.0,0.0,0.0,0.0,0.0,0,0,0,0,0,0,0,0,0,0,0,0
avlhashtree,exclusion_proof_only_after_build,exclusion_proof_only_after_build,exclusion_proof_only_after_25m_build_sample_2pct,False,False,False,True,True,False,False,False,2.0,2.0,25000000,25000000,0,25000000,0,25000000,25000000,25M,exclusion_proof_only_after_25m_build_sample_2pct,total_ref_7_exclusion_only_avl,10,multiple_rows_within_run,current,,total_ref_7_exclusion_only_avl.csv,0,0,0,0,0,0,0.0,0.0,0.0,0.0,0.0,0.0,0,0,0,0,0,0,0,0,0,0,0,0,0,0,0,0,0,0,0,0,0,0,0,0,2064347482,2045826923,2081792334,4128,4091,4164,3035,3035,3035,10040,9990,10135,0,0,0,0,0,0,0.0,0.0,0.0,0.0,0.0,0.0,0,0,0,0,0,0,0,0,0,0,0,0
avlhashtree,insert_only_build,insert_only_build,insert_only_build_25m,False,False,True,False,False,False,False,False,,,0,25000000,25000000,0,25000000,25000000,25000000,25M,insert_only_build_25m,total_ref_5_avl,10,multiple_rows_within_run,current,,total_ref_5_avl.csv,180333876454,174078695535,181164432082,7212,6963,7246,5855.02,5834.772,5966.072,7254.225,7254.159,7254.272,130214914,129388665,134755458,200001001,200000987,200001009,69786690,65246147,70612922,130214308,129388061,134754861,0,0,0,0,0,0,0,0,0,0,0,0,0,0,0,0,0,0,0,0,0,0,0,0,0,0,0,0,0,0,0.0,0.0,0.0,0.0,0.0,0.0,0,0,0,0,0,0,0,0,0,0,0,0
avlhashtree,insert_only_build,prehashed_ordered_insert_only,prehashed_ordered_insert_only_25m,True,True,True,False,False,False,False,False,,,0,25000000,25000000,0,25000000,25000000,25000000,25M,prehashed_ordered_insert_only_25m,total_ref_5_avl,10,multiple_rows_within_run,current,,total_ref_5_avl.csv,81172327546,79589448421,81659541313,3246,3183,3266,4775.665,4769.005,4794.323,7249.695,7249.68,7249.7429999999995,148668825,148397316,149434058,200000346,200000343,200000361,76332101,75566868,76603598,123668252,123396756,124433481,0,0,0,0,0,0,0,0,0,0,0,0,0,0,0,0,0,0,0,0,0,0,0,0,0,0,0,0,0,0,0.0,0.0,0.0,0.0,0.0,0.0,0,0,0,0,0,0,0,0,0,0,0,0
avlhashtree,proof_only_after_build,proof_only_after_build,proof_only_after_25m_build_sample_2pct,False,False,False,True,False,False,False,False,2.0,2.0,25000000,25000000,0,25000000,0,25000000,25000000,25M,proof_only_after_25m_build_sample_2pct,total_ref_5_avl,10,multiple_rows_within_run,current,,total_ref_5_avl.csv,0,0,0,0,0,0,0.0,0.0,0.0,0.0,0.0,0.0,0,0,0,0,0,0,0,0,0,0,0,0,1760487746,1699987971,1778162340,3520,3400,3556,2944,2944,2944,9102,8877,9199,0,0,0,0,0,0,0,0,0,0,0,0,0,0,0,0,0,0,0.0,0.0,0.0,0.0,0.0,0.0,0,0,0,0,0,0,0,0,0,0,0,0
smt,build_then_add_new,build_then_add_new,build_10k_then_add_2k_new,False,False,False,False,False,True,True,False,,,10000,12000,2000,10000,2000,12000,10000,10K,build_10k_then_add_2k_new,total_ref_5_smt,10,multiple_rows_within_run,current,,total_ref_5_smt.csv,4935767,4672182,5164122,2468,2335,2581,1.39,1.39,1.39,1.39,1.39,1.39,144222,144200,144228,36038,36038,36038,2552,2552,2552,33486,33486,33486,0,0,0,0,0,0,0,0,0,0,0,0,0,0,0,0,0,0,0,0,0,0,0,0,0,0,0,0,0,0,0.0,0.0,0.0,0.0,0.0,0.0,0,0,0,0,0,0,0,0,0,0,0,0
smt,build_then_reinsert_existing,build_then_reinsert_existing,build_10k_then_reinsert_2k_existing,False,False,False,False,False,False,False,True,,,10000,10000,2000,10000,2000,10000,10000,10K,build_10k_then_reinsert_2k_existing,total_ref_5_smt,10,multiple_rows_within_run,current,,total_ref_5_smt.csv,4702962,4503460,4936222,2351,2251,2467,0.27,0.27,0.27,0.27,0.27,0.27,119831,119808,119865,10038,10038,10038,1001,1001,1001,9037,9037,9037,0,0,0,0,0,0,0,0,0,0,0,0,0,0,0,0,0,0,0,0,0,0,0,0,0,0,0,0,0,0,0.0,0.0,0.0,0.0,0.0,0.0,0,0,0,0,0,0,0,0,0,0,0,0
smt,exclusion_proof_only_after_build,exclusion_proof_only_after_build,exclusion_proof_only_after_10k_build_sample_5pct,False,False,False,True,True,False,False,False,5.0,5.0,10000,10000,0,10000,0,10000,10000,10K,exclusion_proof_only_after_10k_build_sample_5pct,total_ref_7_exclusion_only_smt,10,multiple_rows_within_run,current,,total_ref_7_exclusion_only_smt.csv,0,0,0,0,0,0,0.0,0.0,0.0,0.0,0.0,0.0,0,0,0,0,0,0,0,0,0,0,0,0,0,0,0,0,0,0,0,0,0,0,0,0,1277920,1057517,1441250,2555,2115,2882,593,593,593,7427,6883,8283,0,0,0,0,0,0,0.0,0.0,0.0,0.0,0.0,0.0,0,0,0,0,0,0,0,0,0,0,0,0
smt,insert_only_build,insert_only_build,insert_only_build_10k,False,False,True,False,False,False,False,False,,,0,10000,10000,0,10000,10000,10000,10K,insert_only_build_10k,total_ref_5_smt,10,multiple_rows_within_run,current,,total_ref_5_smt.csv,24286530,21909040,26835294,2428,2190,2683,5.55,5.495,5.585,6.88,6.87,6.881,126722,124665,127950,180036,180030,180042,53855,52626,55918,126180,124131,127410,0,0,0,0,0,0,0,0,0,0,0,0,0,0,0,0,0,0,0,0,0,0,0,0,0,0,0,0,0,0,0.0,0.0,0.0,0.0,0.0,0.0,0,0,0,0,0,0,0,0,0,0,0,0
smt,insert_only_build,prehashed_ordered_insert_only,prehashed_ordered_insert_only_10k,True,True,True,False,False,False,False,False,,,0,10000,10000,0,10000,10000,10000,10K,prehashed_ordered_insert_only_10k,total_ref_5_smt,10,multiple_rows_within_run,current,,total_ref_5_smt.csv,15038273,14412694,15399339,1504,1441,1539,4.99,4.979,5.003,6.73,6.73,6.73,129778,129442,130338,180022,180021,180023,60952,60400,61298,119070,118725,119622,0,0,0,0,0,0,0,0,0,0,0,0,0,0,0,0,0,0,0,0,0,0,0,0,0,0,0,0,0,0,0.0,0.0,0.0,0.0,0.0,0.0,0,0,0,0,0,0,0,0,0,0,0,0
smt,proof_only_after_build,proof_only_after_build,proof_only_after_10k_build_sample_5pct,False,False,False,True,False,False,False,False,5.0,5.0,10000,10000,0,10000,0,10000,10000,10K,proof_only_after_10k_build_sample_5pct,total_ref_5_smt,10,multiple_rows_within_run,current,,total_ref_5_smt.csv,0,0,0,0,0,0,0.0,0.0,0.0,0.0,0.0,0.0,0,0,0,0,0,0,0,0,0,0,0,0,681038,538456,873057,1362,1077,1746,632,631,635,3083,2937,3207,0,0,0,0,0,0,0,0,0,0,0,0,0,0,0,0,0,0,0.0,0.0,0.0,0.0,0.0,0.0,0,0,0,0,0,0,0,0,0,0,0,0
smt,build_then_add_new,build_then_add_new,build_50k_then_add_10k_new,False,False,False,False,False,True,True,False,,,50000,60000,10000,50000,10000,60000,50000,50K,build_50k_then_add_10k_new,total_ref_5_smt,10,multiple_rows_within_run,current,,total_ref_5_smt.csv,33073332,32303515,36363781,3307,3230,3636,6.87,6.87,6.87,6.87,6.87,6.87,718028,718004,718033,180038,180038,180038,12753,12753,12753,167285,167285,167285,0,0,0,0,0,0,0,0,0,0,0,0,0,0,0,0,0,0,0,0,0,0,0,0,0,0,0,0,0,0,0.0,0.0,0.0,0.0,0.0,0.0,0,0,0,0,0,0,0,0,0,0,0,0
smt,build_then_reinsert_existing,build_then_reinsert_existing,build_50k_then_reinsert_10k_existing,False,False,False,False,False,False,False,True,,,50000,50000,10000,50000,10000,50000,50000,50K,build_50k_then_reinsert_10k_existing,total_ref_5_smt,10,multiple_rows_within_run,current,,total_ref_5_smt.csv,31520982,29644271,32577576,3152,2964,3258,1.31,1.31,1.31,1.31,1.31,1.31,595838,595812,595872,50038,50038,50038,5001,5001,5001,45037,45037,45037,0,0,0,0,0,0,0,0,0,0,0,0,0,0,0,0,0,0,0,0,0,0,0,0,0,0,0,0,0,0,0.0,0.0,0.0,0.0,0.0,0.0,0,0,0,0,0,0,0,0,0,0,0,0
smt,exclusion_proof_only_after_build,exclusion_proof_only_after_build,exclusion_proof_only_after_50k_build_sample_5pct,False,False,False,True,True,False,False,False,5.0,5.0,50000,50000,0,50000,0,50000,50000,50K,exclusion_proof_only_after_50k_build_sample_5pct,total_ref_7_exclusion_only_smt,10,multiple_rows_within_run,current,,total_ref_7_exclusion_only_smt.csv,0,0,0,0,0,0,0.0,0.0,0.0,0.0,0.0,0.0,0,0,0,0,0,0,0,0,0,0,0,0,0,0,0,0,0,0,0,0,0,0,0,0,7158933,6806983,7840792,2863,2722,3136,681,681,681,7840,7658,9759,0,0,0,0,0,0,0.0,0.0,0.0,0.0,0.0,0.0,0,0,0,0,0,0,0,0,0,0,0,0
smt,insert_only_build,insert_only_build,insert_only_build_50k,False,False,True,False,False,False,False,False,,,0,50000,50000,0,50000,50000,50000,50K,insert_only_build_50k,total_ref_5_smt,10,multiple_rows_within_run,current,,total_ref_5_smt.csv,132732580,127446158,137464208,2654,2548,2749,25.91,25.326999999999998,29.044,34.305,34.3,34.31,572360,553827,671310,900066,900059,900070,328257,229300,346793,571806,553276,670769,0,0,0,0,0,0,0,0,0,0,0,0,0,0,0,0,0,0,0,0,0,0,0,0,0,0,0,0,0,0,0.0,0.0,0.0,0.0,0.0,0.0,0,0,0,0,0,0,0,0,0,0,0,0
smt,insert_only_build,prehashed_ordered_insert_only,prehashed_ordered_insert_only_50k,True,True,True,False,False,False,False,False,,,0,50000,50000,0,50000,50000,50000,50K,prehashed_ordered_insert_only_50k,total_ref_5_smt,10,multiple_rows_within_run,current,,total_ref_5_smt.csv,79023542,76333123,79385816,1580,1526,1587,27.97,27.882,28.101,33.57,33.57,33.572,642537,639860,646815,899989,899988,899995,258090,253819,260784,641898,639203,646174,0,0,0,0,0,0,0,0,0,0,0,0,0,0,0,0,0,0,0,0,0,0,0,0,0,0,0,0,0,0,0.0,0.0,0.0,0.0,0.0,0.0,0,0,0,0,0,0,0,0,0,0,0,0
smt,proof_only_after_build,proof_only_after_build,proof_only_after_50k_build_sample_5pct,False,False,False,True,False,False,False,False,5.0,5.0,50000,50000,0,50000,0,50000,50000,50K,proof_only_after_50k_build_sample_5pct,total_ref_5_smt,10,multiple_rows_within_run,current,,total_ref_5_smt.csv,0,0,0,0,0,0,0.0,0.0,0.0,0.0,0.0,0.0,0,0,0,0,0,0,0,0,0,0,0,0,3873748,3645618,4275293,1549,1458,1710,721,720,721,3550,3412,3709,0,0,0,0,0,0,0,0,0,0,0,0,0,0,0,0,0,0,0.0,0.0,0.0,0.0,0.0,0.0,0,0,0,0,0,0,0,0,0,0,0,0
smt,build_then_add_new,build_then_add_new,build_100k_then_add_20k_new,False,False,False,False,False,True,True,False,,,100000,120000,20000,100000,20000,120000,100000,100K,build_100k_then_add_20k_new,total_ref_5_smt,10,multiple_rows_within_run,current,,total_ref_5_smt.csv,76458582,73372656,79996502,3822,3668,3999,13.72,13.72,13.72,13.72,13.72,13.72,1435292,1435268,1435301,360038,360038,360038,25494,25494,25494,334544,334544,334544,0,0,0,0,0,0,0,0,0,0,0,0,0,0,0,0,0,0,0,0,0,0,0,0,0,0,0,0,0,0,0.0,0.0,0.0,0.0,0.0,0.0,0,0,0,0,0,0,0,0,0,0,0,0
smt,build_then_reinsert_existing,build_then_reinsert_existing,build_100k_then_reinsert_20k_existing,False,False,False,False,False,False,False,True,,,100000,100000,20000,100000,20000,100000,100000,100K,build_100k_then_reinsert_20k_existing,total_ref_5_smt,10,multiple_rows_within_run,current,,total_ref_5_smt.csv,74376692,71863466,75775682,3718,3593,3789,2.61,2.61,2.61,2.61,2.61,2.61,1190835,1190813,1190857,100038,100038,100038,10001,10001,10001,90037,90037,90037,0,0,0,0,0,0,0,0,0,0,0,0,0,0,0,0,0,0,0,0,0,0,0,0,0,0,0,0,0,0,0.0,0.0,0.0,0.0,0.0,0.0,0,0,0,0,0,0,0,0,0,0,0,0
smt,exclusion_proof_only_after_build,exclusion_proof_only_after_build,exclusion_proof_only_after_100k_build_sample_5pct,False,False,False,True,True,False,False,False,5.0,5.0,100000,100000,0,100000,0,100000,100000,100K,exclusion_proof_only_after_100k_build_sample_5pct,total_ref_7_exclusion_only_smt,10,multiple_rows_within_run,current,,total_ref_7_exclusion_only_smt.csv,0,0,0,0,0,0,0.0,0.0,0.0,0.0,0.0,0.0,0,0,0,0,0,0,0,0,0,0,0,0,0,0,0,0,0,0,0,0,0,0,0,0,19127894,16712936,25470647,3825,3342,5094,718,718,718,9224,8691,10654,0,0,0,0,0,0,0.0,0.0,0.0,0.0,0.0,0.0,0,0,0,0,0,0,0,0,0,0,0,0
smt,insert_only_build,insert_only_build,insert_only_build_100k,False,False,True,False,False,False,False,False,,,0,100000,100000,0,100000,100000,100000,100K,insert_only_build_100k,total_ref_5_smt,10,multiple_rows_within_run,current,,total_ref_5_smt.csv,290048240,271598229,294290712,2900,2715,2943,52.14,51.958,52.659,68.52,68.52,68.53,1156758,1150979,1173193,1800037,1800029,1800040,643872,627433,649643,1156164,1150391,1172600,0,0,0,0,0,0,0,0,0,0,0,0,0,0,0,0,0,0,0,0,0,0,0,0,0,0,0,0,0,0,0.0,0.0,0.0,0.0,0.0,0.0,0,0,0,0,0,0,0,0,0,0,0,0
smt,insert_only_build,prehashed_ordered_insert_only,prehashed_ordered_insert_only_100k,True,True,True,False,False,False,False,False,,,0,100000,100000,0,100000,100000,100000,100K,prehashed_ordered_insert_only_100k,total_ref_5_smt,10,multiple_rows_within_run,current,,total_ref_5_smt.csv,160243732,155579423,162075479,1602,1556,1620,52.745,49.887,55.805,67.18,67.16,67.18,1283624,1274039,1286450,1800030,1799995,1800035,571939,521534,615928,1228076,1184104,1278465,0,0,0,0,0,0,0,0,0,0,0,0,0,0,0,0,0,0,0,0,0,0,0,0,0,0,0,0,0,0,0.0,0.0,0.0,0.0,0.0,0.0,0,0,0,0,0,0,0,0,0,0,0,0
smt,proof_only_after_build,proof_only_after_build,proof_only_after_100k_build_sample_5pct,False,False,False,True,False,False,False,False,5.0,5.0,100000,100000,0,100000,0,100000,100000,100K,proof_only_after_100k_build_sample_5pct,total_ref_5_smt,10,multiple_rows_within_run,current,,total_ref_5_smt.csv,0,0,0,0,0,0,0.0,0.0,0.0,0.0,0.0,0.0,0,0,0,0,0,0,0,0,0,0,0,0,9946002,9194340,11493368,1988,1838,2298,758,758,759,4136,3827,4352,0,0,0,0,0,0,0,0,0,0,0,0,0,0,0,0,0,0,0.0,0.0,0.0,0.0,0.0,0.0,0,0,0,0,0,0,0,0,0,0,0,0
smt,build_then_add_new,build_then_add_new,build_200k_then_add_40k_new,False,False,False,False,False,True,True,False,,,200000,240000,40000,200000,40000,240000,200000,200K,build_200k_then_add_40k_new,total_ref_5_smt,10,multiple_rows_within_run,current,,total_ref_5_smt.csv,180705338,175476183,183672579,4517,4387,4591,27.43,27.43,27.43,27.43,27.43,27.43,2869754,2869728,2869763,720045,720045,720045,51049,51049,51050,668996,668995,668996,0,0,0,0,0,0,0,0,0,0,0,0,0,0,0,0,0,0,0,0,0,0,0,0,0,0,0,0,0,0,0.0,0.0,0.0,0.0,0.0,0.0,0,0,0,0,0,0,0,0,0,0,0,0
smt,build_then_reinsert_existing,build_then_reinsert_existing,build_200k_then_reinsert_40k_existing,False,False,False,False,False,False,False,True,,,200000,200000,40000,200000,40000,200000,200000,200K,build_200k_then_reinsert_40k_existing,total_ref_5_smt,10,multiple_rows_within_run,current,,total_ref_5_smt.csv,162495916,157856801,167867541,4062,3946,4196,5.22,5.22,5.22,5.22,5.22,5.22,2380852,2380825,2380870,200045,200045,200045,20001,20001,20001,180044,180044,180044,0,0,0,0,0,0,0,0,0,0,0,0,0,0,0,0,0,0,0,0,0,0,0,0,0,0,0,0,0,0,0.0,0.0,0.0,0.0,0.0,0.0,0,0,0,0,0,0,0,0,0,0,0,0
smt,exclusion_proof_only_after_build,exclusion_proof_only_after_build,exclusion_proof_only_after_200k_build_sample_5pct,False,False,False,True,True,False,False,False,5.0,5.0,200000,200000,0,200000,0,200000,200000,200K,exclusion_proof_only_after_200k_build_sample_5pct,total_ref_7_exclusion_only_smt,10,multiple_rows_within_run,current,,total_ref_7_exclusion_only_smt.csv,0,0,0,0,0,0,0.0,0.0,0.0,0.0,0.0,0.0,0,0,0,0,0,0,0,0,0,0,0,0,0,0,0,0,0,0,0,0,0,0,0,0,42971342,37331790,54945585,4297,3732,5494,757,757,757,10120,9266,11381,0,0,0,0,0,0,0.0,0.0,0.0,0.0,0.0,0.0,0,0,0,0,0,0,0,0,0,0,0,0
smt,insert_only_build,insert_only_build,insert_only_build_200k,False,False,True,False,False,False,False,False,,,0,200000,200000,0,200000,200000,200000,200K,insert_only_build_200k,total_ref_5_smt,10,multiple_rows_within_run,current,,total_ref_5_smt.csv,645360728,594777896,665424370,3226,2973,3327,108.585,108.289,109.551,137.03,137.03,137.031,2448638,2439318,2478909,3600042,3600039,3600046,1152007,1121743,1161330,2448032,2438712,2478302,0,0,0,0,0,0,0,0,0,0,0,0,0,0,0,0,0,0,0,0,0,0,0,0,0,0,0,0,0,0,0.0,0.0,0.0,0.0,0.0,0.0,0,0,0,0,0,0,0,0,0,0,0,0
smt,insert_only_build,prehashed_ordered_insert_only,prehashed_ordered_insert_only_200k,True,True,True,False,False,False,False,False,,,0,200000,200000,0,200000,200000,200000,200K,prehashed_ordered_insert_only_200k,total_ref_5_smt,10,multiple_rows_within_run,current,,total_ref_5_smt.csv,330445240,320760323,336762375,1652,1603,1683,95.305,94.297,97.104,134.32,134.319,134.32,2414381,2365104,2447455,3600038,3600031,3600039,1377556,1338653,1410701,2222481,2189338,2261381,0,0,0,0,0,0,0,0,0,0,0,0,0,0,0,0,0,0,0,0,0,0,0,0,0,0,0,0,0,0,0.0,0.0,0.0,0.0,0.0,0.0,0,0,0,0,0,0,0,0,0,0,0,0
smt,proof_only_after_build,proof_only_after_build,proof_only_after_200k_build_sample_5pct,False,False,False,True,False,False,False,False,5.0,5.0,200000,200000,0,200000,0,200000,200000,200K,proof_only_after_200k_build_sample_5pct,total_ref_5_smt,10,multiple_rows_within_run,current,,total_ref_5_smt.csv,0,0,0,0,0,0,0.0,0.0,0.0,0.0,0.0,0.0,0,0,0,0,0,0,0,0,0,0,0,0,24192020,23611032,26521386,2418,2361,2651,796,796,797,4604,4510,4791,0,0,0,0,0,0,0,0,0,0,0,0,0,0,0,0,0,0,0.0,0.0,0.0,0.0,0.0,0.0,0,0,0,0,0,0,0,0,0,0,0,0
smt,build_then_add_new,build_then_add_new,build_300k_then_add_60k_new,False,False,False,False,False,True,True,False,,,300000,360000,60000,300000,60000,360000,300000,300K,build_300k_then_add_60k_new,total_ref_5_smt,10,multiple_rows_within_run,current,,total_ref_5_smt.csv,281239006,272953959,308922846,4687,4548,5148,41.13,41.13,41.13,41.13,41.13,41.13,4304214,4304194,4304234,1080047,1080046,1080049,76595,76595,76595,1003452,1003451,1003454,0,0,0,0,0,0,0,0,0,0,0,0,0,0,0,0,0,0,0,0,0,0,0,0,0,0,0,0,0,0,0.0,0.0,0.0,0.0,0.0,0.0,0,0,0,0,0,0,0,0,0,0,0,0
smt,build_then_reinsert_existing,build_then_reinsert_existing,build_300k_then_reinsert_60k_existing,False,False,False,False,False,False,False,True,,,300000,300000,60000,300000,60000,300000,300000,300K,build_300k_then_reinsert_60k_existing,total_ref_5_smt,10,multiple_rows_within_run,current,,total_ref_5_smt.csv,258026052,251202994,262938178,4300,4186,4382,7.81,7.81,7.81,7.81,7.81,7.81,3570852,3570833,3570877,300047,300046,300047,30001,30001,30001,270046,270045,270046,0,0,0,0,0,0,0,0,0,0,0,0,0,0,0,0,0,0,0,0,0,0,0,0,0,0,0,0,0,0,0.0,0.0,0.0,0.0,0.0,0.0,0,0,0,0,0,0,0,0,0,0,0,0
smt,exclusion_proof_only_after_build,exclusion_proof_only_after_build,exclusion_proof_only_after_300k_build_sample_5pct,False,False,False,True,True,False,False,False,5.0,5.0,300000,300000,0,300000,0,300000,300000,300K,exclusion_proof_only_after_300k_build_sample_5pct,total_ref_7_exclusion_only_smt,10,multiple_rows_within_run,current,,total_ref_7_exclusion_only_smt.csv,0,0,0,0,0,0,0.0,0.0,0.0,0.0,0.0,0.0,0,0,0,0,0,0,0,0,0,0,0,0,0,0,0,0,0,0,0,0,0,0,0,0,68641076,56678597,80498280,4576,3778,5366,779,779,779,11090,10097,12110,0,0,0,0,0,0,0.0,0.0,0.0,0.0,0.0,0.0,0,0,0,0,0,0,0,0,0,0,0,0
smt,insert_only_build,insert_only_build,insert_only_build_300k,False,False,True,False,False,False,False,False,,,0,300000,300000,0,300000,300000,300000,300K,insert_only_build_300k,total_ref_5_smt,10,multiple_rows_within_run,current,,total_ref_5_smt.csv,1042331251,1026805348,1112968916,3474,3422,3709,156.905,156.226,157.922,205.54,205.54,205.56,3484014,3462765,3516138,5400044,5400040,5400052,1916648,1884524,1937894,3483400,3462147,3515523,0,0,0,0,0,0,0,0,0,0,0,0,0,0,0,0,0,0,0,0,0,0,0,0,0,0,0,0,0,0,0.0,0.0,0.0,0.0,0.0,0.0,0,0,0,0,0,0,0,0,0,0,0,0
smt,insert_only_build,prehashed_ordered_insert_only,prehashed_ordered_insert_only_300k,True,True,True,False,False,False,False,False,,,0,300000,300000,0,300000,300000,300000,300K,prehashed_ordered_insert_only_300k,total_ref_5_smt,10,multiple_rows_within_run,current,,total_ref_5_smt.csv,506814984,497585025,521573707,1689,1658,1738,152.64999999999998,145.707,169.276,201.44,201.44,201.45,3894068,3724194,3946711,5400021,5400003,5400039,1748706,1503492,1976450,3651334,3423587,3896510,0,0,0,0,0,0,0,0,0,0,0,0,0,0,0,0,0,0,0,0,0,0,0,0,0,0,0,0,0,0,0.0,0.0,0.0,0.0,0.0,0.0,0,0,0,0,0,0,0,0,0,0,0,0
smt,proof_only_after_build,proof_only_after_build,proof_only_after_300k_build_sample_5pct,False,False,False,True,False,False,False,False,5.0,5.0,300000,300000,0,300000,0,300000,300000,300K,proof_only_after_300k_build_sample_5pct,total_ref_5_smt,10,multiple_rows_within_run,current,,total_ref_5_smt.csv,0,0,0,0,0,0,0.0,0.0,0.0,0.0,0.0,0.0,0,0,0,0,0,0,0,0,0,0,0,0,49083286,47818272,53206951,3272,3188,3547,819,818,819,5020,4884,5318,0,0,0,0,0,0,0,0,0,0,0,0,0,0,0,0,0,0,0.0,0.0,0.0,0.0,0.0,0.0,0,0,0,0,0,0,0,0,0,0,0,0
smt,build_then_add_new,build_then_add_new,build_500k_then_add_100k_new,False,False,False,False,False,True,True,False,,,500000,600000,100000,500000,100000,600000,500000,500K,build_500k_then_add_100k_new,total_ref_5_smt,10,multiple_rows_within_run,current,,total_ref_5_smt.csv,524901676,503508396,556909160,5248,5034,5568,68.51,68.51,68.51,68.51,68.51,68.51,7172693,7172664,7172709,1800050,1800049,1800050,128125,128125,128126,1671925,1671923,1671925,0,0,0,0,0,0,0,0,0,0,0,0,0,0,0,0,0,0,0,0,0,0,0,0,0,0,0,0,0,0,0.0,0.0,0.0,0.0,0.0,0.0,0,0,0,0,0,0,0,0,0,0,0,0
smt,build_then_reinsert_existing,build_then_reinsert_existing,build_500k_then_reinsert_100k_existing,False,False,False,False,False,False,False,True,,,500000,500000,100000,500000,100000,500000,500000,500K,build_500k_then_reinsert_100k_existing,total_ref_5_smt,10,multiple_rows_within_run,current,,total_ref_5_smt.csv,474670681,464709578,482662720,4746,4646,4826,13.01,13.0,13.01,13.01,13.0,13.01,5950864,5950844,5950887,500050,500048,500050,50001,50001,50001,450048,450047,450049,0,0,0,0,0,0,0,0,0,0,0,0,0,0,0,0,0,0,0,0,0,0,0,0,0,0,0,0,0,0,0.0,0.0,0.0,0.0,0.0,0.0,0,0,0,0,0,0,0,0,0,0,0,0
smt,exclusion_proof_only_after_build,exclusion_proof_only_after_build,exclusion_proof_only_after_500k_build_sample_5pct,False,False,False,True,True,False,False,False,5.0,5.0,500000,500000,0,500000,0,500000,500000,500K,exclusion_proof_only_after_500k_build_sample_5pct,total_ref_7_exclusion_only_smt,10,multiple_rows_within_run,current,,total_ref_7_exclusion_only_smt.csv,0,0,0,0,0,0,0.0,0.0,0.0,0.0,0.0,0.0,0,0,0,0,0,0,0,0,0,0,0,0,0,0,0,0,0,0,0,0,0,0,0,0,140434526,126682340,179858600,5617,5067,7194,807,807,807,12499,11532,13644,0,0,0,0,0,0,0.0,0.0,0.0,0.0,0.0,0.0,0,0,0,0,0,0,0,0,0,0,0,0
smt,insert_only_build,insert_only_build,insert_only_build_500k,False,False,True,False,False,False,False,False,,,0,500000,500000,0,500000,500000,500000,500K,insert_only_build_500k,total_ref_5_smt,10,multiple_rows_within_run,current,,total_ref_5_smt.csv,2050793060,1954455960,2148614230,4101,3908,4297,259.15,258.163,259.952,342.56,342.55,342.57,5731668,5700387,5757084,9000049,9000047,9000053,3269012,3243585,3300282,5731037,5699766,5756463,0,0,0,0,0,0,0,0,0,0,0,0,0,0,0,0,0,0,0,0,0,0,0,0,0,0,0,0,0,0,0.0,0.0,0.0,0.0,0.0,0.0,0,0,0,0,0,0,0,0,0,0,0,0
smt,insert_only_build,prehashed_ordered_insert_only,prehashed_ordered_insert_only_500k,True,True,True,False,False,False,False,False,,,0,500000,500000,0,500000,500000,500000,500K,prehashed_ordered_insert_only_500k,total_ref_5_smt,10,multiple_rows_within_run,current,,total_ref_5_smt.csv,919384394,895954895,932701093,1838,1792,1865,239.325,237.432,242.67,335.73,335.72900000000004,335.73,6091944,6029719,6201654,9000041,9000033,9000043,3408744,3299031,3470933,5591298,5529108,5701007,0,0,0,0,0,0,0,0,0,0,0,0,0,0,0,0,0,0,0,0,0,0,0,0,0,0,0,0,0,0,0.0,0.0,0.0,0.0,0.0,0.0,0,0,0,0,0,0,0,0,0,0,0,0
smt,proof_only_after_build,proof_only_after_build,proof_only_after_500k_build_sample_5pct,False,False,False,True,False,False,False,False,5.0,5.0,500000,500000,0,500000,0,500000,500000,500K,proof_only_after_500k_build_sample_5pct,total_ref_5_smt,10,multiple_rows_within_run,current,,total_ref_5_smt.csv,0,0,0,0,0,0,0.0,0.0,0.0,0.0,0.0,0.0,0,0,0,0,0,0,0,0,0,0,0,0,89613904,87985924,94597480,3584,3519,3784,847,846,847,5282,5236,5371,0,0,0,0,0,0,0,0,0,0,0,0,0,0,0,0,0,0,0.0,0.0,0.0,0.0,0.0,0.0,0,0,0,0,0,0,0,0,0,0,0,0
smt,build_then_add_new,build_then_add_new,build_700k_then_add_140k_new,False,False,False,False,False,True,True,False,,,700000,840000,140000,700000,140000,840000,700000,700K,build_700k_then_add_140k_new,total_ref_5_smt,10,multiple_rows_within_run,current,,total_ref_5_smt.csv,803903930,770169697,825960093,5742,5500,5899,95.94,95.94,95.95,95.94,95.94,95.95,10041974,10041939,10041994,2520052,2520051,2520053,178844,178844,178844,2341208,2341207,2341209,0,0,0,0,0,0,0,0,0,0,0,0,0,0,0,0,0,0,0,0,0,0,0,0,0,0,0,0,0,0,0.0,0.0,0.0,0.0,0.0,0.0,0,0,0,0,0,0,0,0,0,0,0,0
smt,build_then_reinsert_existing,build_then_reinsert_existing,build_700k_then_reinsert_140k_existing,False,False,False,False,False,False,False,True,,,700000,700000,140000,700000,140000,700000,700000,700K,build_700k_then_reinsert_140k_existing,total_ref_5_smt,10,multiple_rows_within_run,current,,total_ref_5_smt.csv,710345768,693741575,738126719,5074,4955,5272,18.2,18.2,18.2,18.2,18.2,18.2,8330873,8330847,8330896,700052,700051,700052,70001,70001,70001,630051,630050,630051,0,0,0,0,0,0,0,0,0,0,0,0,0,0,0,0,0,0,0,0,0,0,0,0,0,0,0,0,0,0,0.0,0.0,0.0,0.0,0.0,0.0,0,0,0,0,0,0,0,0,0,0,0,0
smt,exclusion_proof_only_after_build,exclusion_proof_only_after_build,exclusion_proof_only_after_700k_build_sample_5pct,False,False,False,True,True,False,False,False,5.0,5.0,700000,700000,0,700000,0,700000,700000,700K,exclusion_proof_only_after_700k_build_sample_5pct,total_ref_7_exclusion_only_smt,10,multiple_rows_within_run,current,,total_ref_7_exclusion_only_smt.csv,0,0,0,0,0,0,0.0,0.0,0.0,0.0,0.0,0.0,0,0,0,0,0,0,0,0,0,0,0,0,0,0,0,0,0,0,0,0,0,0,0,0,199524242,189622970,221045881,5700,5417,6315,825,825,825,12199,11679,13100,0,0,0,0,0,0,0.0,0.0,0.0,0.0,0.0,0.0,0,0,0,0,0,0,0,0,0,0,0,0
smt,insert_only_build,insert_only_build,insert_only_build_700k,False,False,True,False,False,False,False,False,,,0,700000,700000,0,700000,700000,700000,700K,insert_only_build_700k,total_ref_5_smt,10,multiple_rows_within_run,current,,total_ref_5_smt.csv,3036396656,2795103432,3181889630,4337,3992,4545,395.305,394.407,396.735,479.55,479.55,479.56,9049135,9020760,9093992,12600055,12600050,12600057,3551552,3506693,3579926,9048502,9020119,9093363,0,0,0,0,0,0,0,0,0,0,0,0,0,0,0,0,0,0,0,0,0,0,0,0,0,0,0,0,0,0,0.0,0.0,0.0,0.0,0.0,0.0,0,0,0,0,0,0,0,0,0,0,0,0
smt,insert_only_build,prehashed_ordered_insert_only,prehashed_ordered_insert_only_700k,True,True,True,False,False,False,False,False,,,0,700000,700000,0,700000,700000,700000,700K,prehashed_ordered_insert_only_700k,total_ref_5_smt,10,multiple_rows_within_run,current,,total_ref_5_smt.csv,1303249088,1254275905,1332625399,1862,1791,1903,336.75,333.249,342.23900000000003,470.01,470.01,470.02,8584162,8469244,8763961,12600042,12600036,12600045,4716532,4536716,4831445,7883509,7768591,8063321,0,0,0,0,0,0,0,0,0,0,0,0,0,0,0,0,0,0,0,0,0,0,0,0,0,0,0,0,0,0,0.0,0.0,0.0,0.0,0.0,0.0,0,0,0,0,0,0,0,0,0,0,0,0
smt,proof_only_after_build,proof_only_after_build,proof_only_after_700k_build_sample_5pct,False,False,False,True,False,False,False,False,5.0,5.0,700000,700000,0,700000,0,700000,700000,700K,proof_only_after_700k_build_sample_5pct,total_ref_5_smt,10,multiple_rows_within_run,current,,total_ref_5_smt.csv,0,0,0,0,0,0,0.0,0.0,0.0,0.0,0.0,0.0,0,0,0,0,0,0,0,0,0,0,0,0,126679186,124010793,141100644,3619,3543,4031,865,865,865,5040,4861,5329,0,0,0,0,0,0,0,0,0,0,0,0,0,0,0,0,0,0,0.0,0.0,0.0,0.0,0.0,0.0,0,0,0,0,0,0,0,0,0,0,0,0
smt,build_then_add_new,build_then_add_new,build_900k_then_add_180k_new,False,False,False,False,False,True,True,False,,,900000,1080000,180000,900000,180000,1080000,900000,900K,build_900k_then_add_180k_new,total_ref_5_smt,10,multiple_rows_within_run,current,,total_ref_5_smt.csv,1024069905,998582235,1050576174,5688,5547,5836,123.33,123.33,123.33,123.33,123.33,123.33,12910622,12910581,12910642,3240053,3240053,3240053,230207,230207,230207,3009846,3009846,3009846,0,0,0,0,0,0,0,0,0,0,0,0,0,0,0,0,0,0,0,0,0,0,0,0,0,0,0,0,0,0,0.0,0.0,0.0,0.0,0.0,0.0,0,0,0,0,0,0,0,0,0,0,0,0
smt,build_then_reinsert_existing,build_then_reinsert_existing,build_900k_then_reinsert_180k_existing,False,False,False,False,False,False,False,True,,,900000,900000,180000,900000,180000,900000,900000,900K,build_900k_then_reinsert_180k_existing,total_ref_5_smt,10,multiple_rows_within_run,current,,total_ref_5_smt.csv,962933769,938462915,1016465313,5349,5214,5647,23.4,23.4,23.4,23.4,23.4,23.4,10710876,10710846,10710894,900053,900052,900053,90001,90001,90001,810052,810051,810052,0,0,0,0,0,0,0,0,0,0,0,0,0,0,0,0,0,0,0,0,0,0,0,0,0,0,0,0,0,0,0.0,0.0,0.0,0.0,0.0,0.0,0,0,0,0,0,0,0,0,0,0,0,0
smt,exclusion_proof_only_after_build,exclusion_proof_only_after_build,exclusion_proof_only_after_900k_build_sample_5pct,False,False,False,True,True,False,False,False,5.0,5.0,900000,900000,0,900000,0,900000,900000,900K,exclusion_proof_only_after_900k_build_sample_5pct,total_ref_7_exclusion_only_smt,10,multiple_rows_within_run,current,,total_ref_7_exclusion_only_smt.csv,0,0,0,0,0,0,0.0,0.0,0.0,0.0,0.0,0.0,0,0,0,0,0,0,0,0,0,0,0,0,0,0,0,0,0,0,0,0,0,0,0,0,230175437,222519488,236733856,5114,4945,5260,839,839,839,12729,12557,13089,0,0,0,0,0,0,0.0,0.0,0.0,0.0,0.0,0.0,0,0,0,0,0,0,0,0,0,0,0,0
smt,insert_only_build,insert_only_build,insert_only_build_900k,False,False,True,False,False,False,False,False,,,0,900000,900000,0,900000,900000,900000,900K,insert_only_build_900k,total_ref_5_smt,10,multiple_rows_within_run,current,,total_ref_5_smt.csv,4058907170,3866745814,4149000369,4510,4296,4609,472.25,470.146,474.058,616.58,616.56,616.59,10497900,10431480,10554818,16200058,16200057,16200062,5702797,5645877,5769230,10497262,10430832,10554180,0,0,0,0,0,0,0,0,0,0,0,0,0,0,0,0,0,0,0,0,0,0,0,0,0,0,0,0,0,0,0.0,0.0,0.0,0.0,0.0,0.0,0,0,0,0,0,0,0,0,0,0,0,0
smt,insert_only_build,prehashed_ordered_insert_only,prehashed_ordered_insert_only_900k,True,True,True,False,False,False,False,False,,,0,900000,900000,0,900000,900000,900000,900K,prehashed_ordered_insert_only_900k,total_ref_5_smt,10,multiple_rows_within_run,current,,total_ref_5_smt.csv,1692377753,1643278572,1725103850,1880,1825,1916,433.345,429.505,439.36699999999996,604.28,604.27,604.28,11049216,10923069,11246267,16200043,16200036,16200044,6051486,5854424,6177612,10148550,10022425,10345619,0,0,0,0,0,0,0,0,0,0,0,0,0,0,0,0,0,0,0,0,0,0,0,0,0,0,0,0,0,0,0.0,0.0,0.0,0.0,0.0,0.0,0,0,0,0,0,0,0,0,0,0,0,0
smt,proof_only_after_build,proof_only_after_build,proof_only_after_900k_build_sample_5pct,False,False,False,True,False,False,False,False,5.0,5.0,900000,900000,0,900000,0,900000,900000,900K,proof_only_after_900k_build_sample_5pct,total_ref_5_smt,10,multiple_rows_within_run,current,,total_ref_5_smt.csv,0,0,0,0,0,0,0.0,0.0,0.0,0.0,0.0,0.0,0,0,0,0,0,0,0,0,0,0,0,0,175998754,169236894,181808054,3910,3760,4040,879,879,879,5472,5350,5703,0,0,0,0,0,0,0,0,0,0,0,0,0,0,0,0,0,0,0.0,0.0,0.0,0.0,0.0,0.0,0,0,0,0,0,0,0,0,0,0,0,0
smt,build_then_add_new,build_then_add_new,build_1m_then_add_200k_new,False,False,False,False,False,True,True,False,,,1000000,1200000,200000,1000000,200000,1200000,1000000,1M,build_1m_then_add_200k_new,total_ref_5_smt,10,multiple_rows_within_run,current,,total_ref_5_smt.csv,1189987565,1144175067,1227994104,5950,5720,6139,137.04,137.04,137.05,137.04,137.04,137.05,14345232,14345204,14345262,3600053,3600052,3600053,255593,255593,255593,3344460,3344459,3344460,0,0,0,0,0,0,0,0,0,0,0,0,0,0,0,0,0,0,0,0,0,0,0,0,0,0,0,0,0,0,0.0,0.0,0.0,0.0,0.0,0.0,0,0,0,0,0,0,0,0,0,0,0,0
smt,build_then_reinsert_existing,build_then_reinsert_existing,build_1m_then_reinsert_200k_existing,False,False,False,False,False,False,False,True,,,1000000,1000000,200000,1000000,200000,1000000,1000000,1M,build_1m_then_reinsert_200k_existing,total_ref_5_smt,10,multiple_rows_within_run,current,,total_ref_5_smt.csv,1090611966,1053651009,1116642464,5452,5268,5582,25.99,25.99,25.99,25.99,25.99,25.99,11900872,11900834,11900901,1000053,1000052,1000053,100001,100001,100001,900052,900051,900052,0,0,0,0,0,0,0,0,0,0,0,0,0,0,0,0,0,0,0,0,0,0,0,0,0,0,0,0,0,0,0.0,0.0,0.0,0.0,0.0,0.0,0,0,0,0,0,0,0,0,0,0,0,0
smt,exclusion_proof_only_after_build,exclusion_proof_only_after_build,exclusion_proof_only_after_1m_build_sample_5pct,False,False,False,True,True,False,False,False,5.0,5.0,1000000,1000000,0,1000000,0,1000000,1000000,1M,exclusion_proof_only_after_1m_build_sample_5pct,total_ref_7_exclusion_only_smt,10,multiple_rows_within_run,current,,total_ref_7_exclusion_only_smt.csv,0,0,0,0,0,0,0.0,0.0,0.0,0.0,0.0,0.0,0,0,0,0,0,0,0,0,0,0,0,0,0,0,0,0,0,0,0,0,0,0,0,0,226531462,220200910,234590094,4530,4404,4691,845,845,845,12170,11970,12531,0,0,0,0,0,0,0.0,0.0,0.0,0.0,0.0,0.0,0,0,0,0,0,0,0,0,0,0,0,0
smt,insert_only_build,insert_only_build,insert_only_build_1m,False,False,True,False,False,False,False,False,,,0,1000000,1000000,0,1000000,1000000,1000000,1M,insert_only_build_1m,total_ref_5_smt,10,multiple_rows_within_run,current,,total_ref_5_smt.csv,4609596766,4332208617,4789688669,4609,4332,4789,540.585,539.224,541.841,685.08,685.07,685.09,12164743,12121843,12204539,18000060,18000055,18000060,5835970,5796165,5878870,12164086,12121190,12203895,0,0,0,0,0,0,0,0,0,0,0,0,0,0,0,0,0,0,0,0,0,0,0,0,0,0,0,0,0,0,0.0,0.0,0.0,0.0,0.0,0.0,0,0,0,0,0,0,0,0,0,0,0,0
smt,insert_only_build,prehashed_ordered_insert_only,prehashed_ordered_insert_only_1m,True,True,True,False,False,False,False,False,,,0,1000000,1000000,0,1000000,1000000,1000000,1M,prehashed_ordered_insert_only_1m,total_ref_5_smt,10,multiple_rows_within_run,current,,total_ref_5_smt.csv,1896242540,1841490740,1917365479,1896,1841,1917,478.945,478.422,489.44100000000003,671.44,671.429,671.44,12192979,12175831,12536965,18000046,18000044,18000046,6807722,6463729,6824874,11192323,11175173,11536317,0,0,0,0,0,0,0,0,0,0,0,0,0,0,0,0,0,0,0,0,0,0,0,0,0,0,0,0,0,0,0.0,0.0,0.0,0.0,0.0,0.0,0,0,0,0,0,0,0,0,0,0,0,0
smt,proof_only_after_build,proof_only_after_build,proof_only_after_1m_build_sample_5pct,False,False,False,True,False,False,False,False,5.0,5.0,1000000,1000000,0,1000000,0,1000000,1000000,1M,proof_only_after_1m_build_sample_5pct,total_ref_5_smt,10,multiple_rows_within_run,current,,total_ref_5_smt.csv,0,0,0,0,0,0,0.0,0.0,0.0,0.0,0.0,0.0,0,0,0,0,0,0,0,0,0,0,0,0,190772074,185968935,199863798,3815,3719,3997,884,884,885,5416,5300,5564,0,0,0,0,0,0,0,0,0,0,0,0,0,0,0,0,0,0,0.0,0.0,0.0,0.0,0.0,0.0,0,0,0,0,0,0,0,0,0,0,0,0
smt,build_then_add_new,build_then_add_new,build_2m_then_add_400k_new,False,False,False,False,False,True,True,False,,,2000000,2400000,400000,2000000,400000,2400000,2000000,2M,build_2m_then_add_400k_new,total_ref_5_smt,10,multiple_rows_within_run,current,,total_ref_5_smt.csv,2624319175,2534173711,2677587630,6560,6335,6693,274.08,274.08,274.09,274.08,274.08,274.09,28689582,28689562,28689635,7200063,7200055,7200064,511238,511238,511239,6688824,6688817,6688825,0,0,0,0,0,0,0,0,0,0,0,0,0,0,0,0,0,0,0,0,0,0,0,0,0,0,0,0,0,0,0.0,0.0,0.0,0.0,0.0,0.0,0,0,0,0,0,0,0,0,0,0,0,0
smt,build_then_reinsert_existing,build_then_reinsert_existing,build_2m_then_reinsert_400k_existing,False,False,False,False,False,False,False,True,,,2000000,2000000,400000,2000000,400000,2000000,2000000,2M,build_2m_then_reinsert_400k_existing,total_ref_5_smt,10,multiple_rows_within_run,current,,total_ref_5_smt.csv,2388203450,2304279765,2410738565,5970,5761,6026,51.98,51.97,51.98,51.98,51.97,51.98,23800878,23800849,23800915,2000062,2000059,2000062,200001,200001,200001,1800061,1800058,1800061,0,0,0,0,0,0,0,0,0,0,0,0,0,0,0,0,0,0,0,0,0,0,0,0,0,0,0,0,0,0,0.0,0.0,0.0,0.0,0.0,0.0,0,0,0,0,0,0,0,0,0,0,0,0
smt,exclusion_proof_only_after_build,exclusion_proof_only_after_build,exclusion_proof_only_after_2m_build_sample_3pct,False,False,False,True,True,False,False,False,3.0,3.0,2000000,2000000,0,2000000,0,2000000,2000000,2M,exclusion_proof_only_after_2m_build_sample_3pct,total_ref_7_exclusion_only_smt,10,multiple_rows_within_run,current,,total_ref_7_exclusion_only_smt.csv,0,0,0,0,0,0,0.0,0.0,0.0,0.0,0.0,0.0,0,0,0,0,0,0,0,0,0,0,0,0,0,0,0,0,0,0,0,0,0,0,0,0,412128126,406227804,417267476,6868,6770,6954,883,883,883,13296,13139,13401,0,0,0,0,0,0,0.0,0.0,0.0,0.0,0.0,0.0,0,0,0,0,0,0,0,0,0,0,0,0
smt,insert_only_build,insert_only_build,insert_only_build_2m,False,False,True,False,False,False,False,False,,,0,2000000,2000000,0,2000000,2000000,2000000,2M,insert_only_build_2m,total_ref_5_smt,10,multiple_rows_within_run,current,,total_ref_5_smt.csv,10360796338,10237403295,10720210822,5180,5118,5360,1121.61,1118.387,1124.682,1370.2150000000001,1370.209,1370.22,25602865,25501096,25699396,36000086,36000083,36000089,10397876,10301348,10499652,25602206,25500437,25698739,0,0,0,0,0,0,0,0,0,0,0,0,0,0,0,0,0,0,0,0,0,0,0,0,0,0,0,0,0,0,0.0,0.0,0.0,0.0,0.0,0.0,0,0,0,0,0,0,0,0,0,0,0,0
smt,insert_only_build,prehashed_ordered_insert_only,prehashed_ordered_insert_only_2m,True,True,True,False,False,False,False,False,,,0,2000000,2000000,0,2000000,2000000,2000000,2M,prehashed_ordered_insert_only_2m,total_ref_5_smt,10,multiple_rows_within_run,current,,total_ref_5_smt.csv,3882902180,3812086363,3949933177,1940,1906,1974,976.35,958.864,982.848,1342.88,1342.88,1342.9,24990328,24417496,25203392,36000054,36000046,36000057,13010382,12797321,13583217,22989669,22416830,23202734,0,0,0,0,0,0,0,0,0,0,0,0,0,0,0,0,0,0,0,0,0,0,0,0,0,0,0,0,0,0,0.0,0.0,0.0,0.0,0.0,0.0,0,0,0,0,0,0,0,0,0,0,0,0
smt,proof_only_after_build,proof_only_after_build,proof_only_after_2m_build_sample_3pct,False,False,False,True,False,False,False,False,3.0,3.0,2000000,2000000,0,2000000,0,2000000,2000000,2M,proof_only_after_2m_build_sample_3pct,total_ref_5_smt,10,multiple_rows_within_run,current,,total_ref_5_smt.csv,0,0,0,0,0,0,0.0,0.0,0.0,0.0,0.0,0.0,0,0,0,0,0,0,0,0,0,0,0,0,252847308,246320062,261724796,4214,4105,4361,922,922,923,5884,5630,6249,0,0,0,0,0,0,0,0,0,0,0,0,0,0,0,0,0,0,0.0,0.0,0.0,0.0,0.0,0.0,0,0,0,0,0,0,0,0,0,0,0,0
smt,build_then_add_new,build_then_add_new,build_5m_then_add_1m_new,False,False,False,False,False,True,True,False,,,5000000,6000000,1000000,5000000,1000000,6000000,5000000,5M,build_5m_then_add_1m_new,total_ref_5_smt,10,multiple_rows_within_run,current,,total_ref_5_smt.csv,7364093319,7172951230,7436074986,7364,7172,7435,685.2,685.2,685.2,685.2,685.2,685.2,71722958,71722943,71722999,18000082,18000081,18000082,1277893,1277892,1277893,16722189,16722188,16722190,0,0,0,0,0,0,0,0,0,0,0,0,0,0,0,0,0,0,0,0,0,0,0,0,0,0,0,0,0,0,0.0,0.0,0.0,0.0,0.0,0.0,0,0,0,0,0,0,0,0,0,0,0,0
smt,build_then_reinsert_existing,build_then_reinsert_existing,build_5m_then_reinsert_1m_existing,False,False,False,False,False,False,False,True,,,5000000,5000000,1000000,5000000,1000000,5000000,5000000,5M,build_5m_then_reinsert_1m_existing,total_ref_5_smt,10,multiple_rows_within_run,current,,total_ref_5_smt.csv,6877858014,6641950872,6965630508,6878,6642,6965,129.95,129.95,129.95,129.95,129.95,129.95,59500899,59500879,59500938,5000080,5000079,5000080,500001,500000,500001,4500079,4500078,4500079,0,0,0,0,0,0,0,0,0,0,0,0,0,0,0,0,0,0,0,0,0,0,0,0,0,0,0,0,0,0,0.0,0.0,0.0,0.0,0.0,0.0,0,0,0,0,0,0,0,0,0,0,0,0
smt,exclusion_proof_only_after_build,exclusion_proof_only_after_build,exclusion_proof_only_after_5m_build_sample_3pct,False,False,False,True,True,False,False,False,3.0,3.0,5000000,5000000,0,5000000,0,5000000,5000000,5M,exclusion_proof_only_after_5m_build_sample_3pct,total_ref_7_exclusion_only_smt,10,multiple_rows_within_run,current,,total_ref_7_exclusion_only_smt.csv,0,0,0,0,0,0,0.0,0.0,0.0,0.0,0.0,0.0,0,0,0,0,0,0,0,0,0,0,0,0,0,0,0,0,0,0,0,0,0,0,0,0,1136964012,1115563316,1148612479,7580,7437,7657,933,933,933,14691,14446,14906,0,0,0,0,0,0,0.0,0.0,0.0,0.0,0.0,0.0,0,0,0,0,0,0,0,0,0,0,0,0
smt,insert_only_build,insert_only_build,insert_only_build_5m,False,False,True,False,False,False,False,False,,,0,5000000,5000000,0,5000000,5000000,5000000,5M,insert_only_build_5m,total_ref_5_smt,10,multiple_rows_within_run,current,,total_ref_5_smt.csv,30069303108,29114677585,30846285131,6014,5822,6169,2710.6099999999997,2690.788,2781.295,3425.54,3425.537,3425.552,61058051,60432569,63287828,90000168,90000164,90000173,28942782,26713003,29568272,61057385,60431894,63287166,0,0,0,0,0,0,0,0,0,0,0,0,0,0,0,0,0,0,0,0,0,0,0,0,0,0,0,0,0,0,0.0,0.0,0.0,0.0,0.0,0.0,0,0,0,0,0,0,0,0,0,0,0,0
smt,insert_only_build,prehashed_ordered_insert_only,prehashed_ordered_insert_only_5m,True,True,True,False,False,False,False,False,,,0,5000000,5000000,0,5000000,5000000,5000000,5M,prehashed_ordered_insert_only_5m,total_ref_5_smt,10,multiple_rows_within_run,current,,total_ref_5_smt.csv,10124923633,9970634917,10196404673,2024,1993,2039,2416.145,2384.602,2450.06,3357.28,3357.28,3357.29,61663310,60629809,62774558,90000078,90000077,90000079,33337409,32226193,34370934,56662670,55629143,57773884,0,0,0,0,0,0,0,0,0,0,0,0,0,0,0,0,0,0,0,0,0,0,0,0,0,0,0,0,0,0,0.0,0.0,0.0,0.0,0.0,0.0,0,0,0,0,0,0,0,0,0,0,0,0
smt,proof_only_after_build,proof_only_after_build,proof_only_after_5m_build_sample_3pct,False,False,False,True,False,False,False,False,3.0,3.0,5000000,5000000,0,5000000,0,5000000,5000000,5M,proof_only_after_5m_build_sample_3pct,total_ref_5_smt,10,multiple_rows_within_run,current,,total_ref_5_smt.csv,0,0,0,0,0,0,0.0,0.0,0.0,0.0,0.0,0.0,0,0,0,0,0,0,0,0,0,0,0,0,706835264,684169109,720014085,4712,4560,4800,973,973,973,6413,6242,6694,0,0,0,0,0,0,0,0,0,0,0,0,0,0,0,0,0,0,0.0,0.0,0.0,0.0,0.0,0.0,0,0,0,0,0,0,0,0,0,0,0,0
smt,build_then_add_new,build_then_add_new,build_10m_then_add_2m_new,False,False,False,False,False,True,True,False,,,10000000,12000000,2000000,10000000,2000000,12000000,10000000,10M,build_10m_then_add_2m_new,total_ref_5_smt,10,multiple_rows_within_run,current,,total_ref_5_smt.csv,16690664542,16256018420,16818052608,8344,8128,8408,1370.35,1370.34,1370.36,1370.35,1370.34,1370.36,143443492,143443474,143443527,36000121,36000120,36000122,2557403,2557403,2557404,33442718,33442717,33442719,0,0,0,0,0,0,0,0,0,0,0,0,0,0,0,0,0,0,0,0,0,0,0,0,0,0,0,0,0,0,0.0,0.0,0.0,0.0,0.0,0.0,0,0,0,0,0,0,0,0,0,0,0,0
smt,build_then_reinsert_existing,build_then_reinsert_existing,build_10m_then_reinsert_2m_existing,False,False,False,False,False,False,False,True,,,10000000,10000000,2000000,10000000,2000000,10000000,10000000,10M,build_10m_then_reinsert_2m_existing,total_ref_5_smt,10,multiple_rows_within_run,current,,total_ref_5_smt.csv,15483597314,15118358032,15602851370,7741,7559,7801,259.92,259.91900000000004,259.92,259.92,259.91900000000004,259.92,119000938,119000917,119000966,10000115,10000114,10000116,1000001,1000001,1000001,9000114,9000113,9000115,0,0,0,0,0,0,0,0,0,0,0,0,0,0,0,0,0,0,0,0,0,0,0,0,0,0,0,0,0,0,0.0,0.0,0.0,0.0,0.0,0.0,0,0,0,0,0,0,0,0,0,0,0,0
smt,exclusion_proof_only_after_build,exclusion_proof_only_after_build,exclusion_proof_only_after_10m_build_sample_2pct,False,False,False,True,True,False,False,False,2.0,2.0,10000000,10000000,0,10000000,0,10000000,10000000,10M,exclusion_proof_only_after_10m_build_sample_2pct,total_ref_7_exclusion_only_smt,10,multiple_rows_within_run,current,,total_ref_7_exclusion_only_smt.csv,0,0,0,0,0,0,0.0,0.0,0.0,0.0,0.0,0.0,0,0,0,0,0,0,0,0,0,0,0,0,0,0,0,0,0,0,0,0,0,0,0,0,1671304442,1566330749,1678302904,8356,7831,8391,971,971,971,14942,14151,15112,0,0,0,0,0,0,0.0,0.0,0.0,0.0,0.0,0.0,0,0,0,0,0,0,0,0,0,0,0,0
smt,insert_only_build,insert_only_build,insert_only_build_10m,False,False,True,False,False,False,False,False,,,0,10000000,10000000,0,10000000,10000000,10000000,10M,insert_only_build_10m,total_ref_5_smt,10,multiple_rows_within_run,current,,total_ref_5_smt.csv,68121923730,66028178410,69261231739,6812,6603,6925,5591.64,5578.539,5610.138,6851.325,6851.31,6851.381,127482748,127070369,128067058,180000324,180000319,180000328,52518256,51933942,52930636,127482072,127069688,128066381,0,0,0,0,0,0,0,0,0,0,0,0,0,0,0,0,0,0,0,0,0,0,0,0,0,0,0,0,0,0,0.0,0.0,0.0,0.0,0.0,0.0,0,0,0,0,0,0,0,0,0,0,0,0
smt,insert_only_build,prehashed_ordered_insert_only,prehashed_ordered_insert_only_10m,True,True,True,False,False,False,False,False,,,0,10000000,10000000,0,10000000,10000000,10000000,10M,prehashed_ordered_insert_only_10m,total_ref_5_smt,10,multiple_rows_within_run,current,,total_ref_5_smt.csv,20848568763,20375219266,21005651841,2084,2037,2100,4789.275,4757.3679999999995,4863.548,6714.54,6714.54,6714.55,121916912,120871461,124350722,180000118,180000116,180000119,68083880,65650036,69129318,111916236,110870799,114350081,0,0,0,0,0,0,0,0,0,0,0,0,0,0,0,0,0,0,0,0,0,0,0,0,0,0,0,0,0,0,0.0,0.0,0.0,0.0,0.0,0.0,0,0,0,0,0,0,0,0,0,0,0,0
smt,proof_only_after_build,proof_only_after_build,proof_only_after_10m_build_sample_2pct,False,False,False,True,False,False,False,False,2.0,2.0,10000000,10000000,0,10000000,0,10000000,10000000,10M,proof_only_after_10m_build_sample_2pct,total_ref_5_smt,10,multiple_rows_within_run,current,,total_ref_5_smt.csv,0,0,0,0,0,0,0.0,0.0,0.0,0.0,0.0,0.0,0,0,0,0,0,0,0,0,0,0,0,0,1045552608,1008712152,1076673396,5227,5044,5383,1011,1011,1011,7518,7277,7609,0,0,0,0,0,0,0,0,0,0,0,0,0,0,0,0,0,0,0.0,0.0,0.0,0.0,0.0,0.0,0,0,0,0,0,0,0,0,0,0,0,0
smt,build_then_add_new,build_then_add_new,build_25m_then_add_5m_new,False,False,False,False,False,True,True,False,,,25000000,30000000,5000000,25000000,5000000,30000000,25000000,25M,build_25m_then_add_5m_new,total_ref_5_smt,10,multiple_rows_within_run,current,,total_ref_5_smt.csv,51014118640,49508865990,51396119277,10202,9901,10279,3426.2650000000003,3426.249,3426.29,3426.2650000000003,3426.249,3426.29,358607638,358607614,358607673,90000276,90000270,90000279,6393418,6393417,6393419,83606858,83606852,83606861,0,0,0,0,0,0,0,0,0,0,0,0,0,0,0,0,0,0,0,0,0,0,0,0,0,0,0,0,0,0,0.0,0.0,0.0,0.0,0.0,0.0,0,0,0,0,0,0,0,0,0,0,0,0
smt,build_then_reinsert_existing,build_then_reinsert_existing,build_25m_then_reinsert_5m_existing,False,False,False,False,False,False,False,True,,,25000000,25000000,5000000,25000000,5000000,25000000,25000000,25M,build_25m_then_reinsert_5m_existing,total_ref_5_smt,10,multiple_rows_within_run,current,,total_ref_5_smt.csv,46407182564,45038886552,46736682070,9280,9007,9347,650.125,650.11,650.13,650.125,650.11,650.13,297501078,297501062,297501113,25000256,25000249,25000257,2500000,2500000,2500001,22500255,22500249,22500257,0,0,0,0,0,0,0,0,0,0,0,0,0,0,0,0,0,0,0,0,0,0,0,0,0,0,0,0,0,0,0.0,0.0,0.0,0.0,0.0,0.0,0,0,0,0,0,0,0,0,0,0,0,0
smt,exclusion_proof_only_after_build,exclusion_proof_only_after_build,exclusion_proof_only_after_25m_build_sample_2pct,False,False,False,True,True,False,False,False,2.0,2.0,25000000,25000000,0,25000000,0,25000000,25000000,25M,exclusion_proof_only_after_25m_build_sample_2pct,total_ref_7_exclusion_only_smt,10,multiple_rows_within_run,current,,total_ref_7_exclusion_only_smt.csv,0,0,0,0,0,0,0.0,0.0,0.0,0.0,0.0,0.0,0,0,0,0,0,0,0,0,0,0,0,0,0,0,0,0,0,0,0,0,0,0,0,0,4702868804,4469462514,4759181165,9406,8939,9518,1022,1022,1022,16729,16075,17024,0,0,0,0,0,0,0.0,0.0,0.0,0.0,0.0,0.0,0,0,0,0,0,0,0,0,0,0,0,0
smt,insert_only_build,insert_only_build,insert_only_build_25m,False,False,True,False,False,False,False,False,,,0,25000000,25000000,0,25000000,25000000,25000000,25M,insert_only_build_25m,total_ref_5_smt,10,multiple_rows_within_run,current,,total_ref_5_smt.csv,205018929226,199787676680,207193565462,8200,7991,8287,13430.279999999999,13406.312,13505.724,17129.59,17129.523999999998,17129.6,301356695,300600384,303736168,450000926,450000916,450000930,148644921,146265460,149401238,301356002,300599685,303735472,0,0,0,0,0,0,0,0,0,0,0,0,0,0,0,0,0,0,0,0,0,0,0,0,0,0,0,0,0,0,0.0,0.0,0.0,0.0,0.0,0.0,0,0,0,0,0,0,0,0,0,0,0,0
smt,insert_only_build,prehashed_ordered_insert_only,prehashed_ordered_insert_only_25m,True,True,True,False,False,False,False,False,,,0,25000000,25000000,0,25000000,25000000,25000000,25M,prehashed_ordered_insert_only_25m,total_ref_5_smt,10,multiple_rows_within_run,current,,total_ref_5_smt.csv,56628134226,56130400096,57444349773,2264,2244,2297,12131.93,12087.645999999999,12161.505,16786.18,16786.17,16786.191,309996953,308546446,310965740,450000219,450000217,450000220,165003932,164035158,166454444,284996285,283545774,285965061,0,0,0,0,0,0,0,0,0,0,0,0,0,0,0,0,0,0,0,0,0,0,0,0,0,0,0,0,0,0,0.0,0.0,0.0,0.0,0.0,0.0,0,0,0,0,0,0,0,0,0,0,0,0
smt,proof_only_after_build,proof_only_after_build,proof_only_after_25m_build_sample_2pct,False,False,False,True,False,False,False,False,2.0,2.0,25000000,25000000,0,25000000,0,25000000,25000000,25M,proof_only_after_25m_build_sample_2pct,total_ref_5_smt,10,multiple_rows_within_run,current,,total_ref_5_smt.csv,0,0,0,0,0,0,0.0,0.0,0.0,0.0,0.0,0.0,0,0,0,0,0,0,0,0,0,0,0,0,4707293931,4607268514,4811939221,9414,9214,9623,1061,1061,1061,8534,8320,8661,0,0,0,0,0,0,0,0,0,0,0,0,0,0,0,0,0,0,0.0,0.0,0.0,0.0,0.0,0.0,0,0,0,0,0,0,0,0,0,0,0,0
